timestamp,date,day,time,park,land,attraction,status,standby_wait_minutes,single_rider_wait_minutes,single_rider_status,last_updated,ride_id,single_rider_ride_id
2026-08-20T16:30:00+02:00,2026-08-20,Thursday,16:30,Disneyland Park,Adventureland,Adventure Isle,OPEN,0,,,2026-08-20T14:30:05.000Z,2702,
2026-08-20T16:30:00+02:00,2026-08-20,Thursday,16:30,Disneyland Park,Adventureland,Indiana Jones™ and the Temple of Peril,OPEN,10,5,OPEN,2026-08-20T14:30:05.000Z,2,7306
2026-08-20T16:30:00+02:00,2026-08-20,Thursday,16:30,Disneyland Park,Adventureland,La Cabane des Robinson,OPEN,5,,,2026-08-20T14:30:05.000Z,1,
2026-08-20T16:30:00+02:00,2026-08-20,Thursday,16:30,Disneyland Park,Adventureland,Le Passage Enchanté d'Aladdin,OPEN,0,,,2026-08-20T14:30:05.000Z,2703,
2026-08-20T16:30:00+02:00,2026-08-20,Thursday,16:30,Disneyland Park,Adventureland,Pirate Galleon,CLOSED,0,,,2026-08-20T14:30:05.000Z,2705,
2026-08-20T16:30:00+02:00,2026-08-20,Thursday,16:30,Disneyland Park,Adventureland,Pirates of the Caribbean,OPEN,35,,,2026-08-20T14:30:05.000Z,3,
2026-08-20T16:30:00+02:00,2026-08-20,Thursday,16:30,Disneyland Park,Adventureland,Pirates' Beach,OPEN,0,,,2026-08-20T14:30:05.000Z,2704,
2026-08-20T16:30:00+02:00,2026-08-20,Thursday,16:30,Disneyland Park,Discoveryland,"Autopia, presented by Avis",OPEN,45,,,2026-08-20T14:30:05.000Z,4,
2026-08-20T16:30:00+02:00,2026-08-20,Thursday,16:30,Disneyland Park,Discoveryland,Buzz Lightyear Laser Blast,OPEN,65,,,2026-08-20T14:30:05.000Z,5,
2026-08-20T16:30:00+02:00,2026-08-20,Thursday,16:30,Disneyland Park,Discoveryland,Disneyland Railroad Discoveryland Station,CLOSED,0,,,2026-08-20T14:30:05.000Z,2706,
2026-08-20T16:30:00+02:00,2026-08-20,Thursday,16:30,Disneyland Park,Discoveryland,Les Mystères du Nautilus,OPEN,5,,,2026-08-20T14:30:05.000Z,6,
2026-08-20T16:30:00+02:00,2026-08-20,Thursday,16:30,Disneyland Park,Discoveryland,Mickey’s PhilharMagic,OPEN,0,,,2026-08-20T14:30:05.000Z,2707,
2026-08-20T16:30:00+02:00,2026-08-20,Thursday,16:30,Disneyland Park,Discoveryland,Orbitron®,OPEN,50,,,2026-08-20T14:30:05.000Z,7,
2026-08-20T16:30:00+02:00,2026-08-20,Thursday,16:30,Disneyland Park,Discoveryland,Star Tours: The Adventures Continue*,OPEN,10,,,2026-08-20T14:30:05.000Z,9,
2026-08-20T16:30:00+02:00,2026-08-20,Thursday,16:30,Disneyland Park,Discoveryland,Star Wars Hyperspace Mountain,OPEN,30,25,OPEN,2026-08-20T14:30:05.000Z,8,7278
2026-08-20T16:30:00+02:00,2026-08-20,Thursday,16:30,Disneyland Park,Discoveryland,Welcome to Starport: A Star Wars Encounter,OPEN,20,,,2026-08-20T14:30:05.000Z,4573,
2026-08-20T16:30:00+02:00,2026-08-20,Thursday,16:30,Disneyland Park,Fantasyland,"""it's a small world""",OPEN,35,,,2026-08-20T14:30:05.000Z,19,
2026-08-20T16:30:00+02:00,2026-08-20,Thursday,16:30,Disneyland Park,Fantasyland,Alice's Curious Labyrinth,OPEN,5,,,2026-08-20T14:30:05.000Z,14,
2026-08-20T16:30:00+02:00,2026-08-20,Thursday,16:30,Disneyland Park,Fantasyland,Blanche-Neige et les Sept Nains®,OPEN,30,,,2026-08-20T14:30:05.000Z,15,
2026-08-20T16:30:00+02:00,2026-08-20,Thursday,16:30,Disneyland Park,Fantasyland,Casey Jr. – le Petit Train du Cirque,OPEN,20,,,2026-08-20T14:30:05.000Z,17,
2026-08-20T16:30:00+02:00,2026-08-20,Thursday,16:30,Disneyland Park,Fantasyland,Disneyland Railroad Fantasyland Station,CLOSED,0,,,2026-08-20T14:30:05.000Z,2711,
2026-08-20T16:30:00+02:00,2026-08-20,Thursday,16:30,Disneyland Park,Fantasyland,Disneyland Railroad Main Street Station,OPEN,20,,,2026-08-20T14:30:05.000Z,11,
2026-08-20T16:30:00+02:00,2026-08-20,Thursday,16:30,Disneyland Park,Fantasyland,Dumbo the Flying Elephant,CLOSED,0,,,2026-08-20T14:30:05.000Z,18,
2026-08-20T16:30:00+02:00,2026-08-20,Thursday,16:30,Disneyland Park,Fantasyland,La Tanière du Dragon,OPEN,0,,,2026-08-20T14:30:05.000Z,2710,
2026-08-20T16:30:00+02:00,2026-08-20,Thursday,16:30,Disneyland Park,Fantasyland,Le Carrousel de Lancelot,OPEN,15,,,2026-08-20T14:30:05.000Z,16,
2026-08-20T16:30:00+02:00,2026-08-20,Thursday,16:30,Disneyland Park,Fantasyland,"Le Pays des Contes de Fées, presented by Vittel",OPEN,5,,,2026-08-20T14:30:05.000Z,21,
2026-08-20T16:30:00+02:00,2026-08-20,Thursday,16:30,Disneyland Park,Fantasyland,Les Voyages de Pinocchio,OPEN,25,,,2026-08-20T14:30:05.000Z,23,
2026-08-20T16:30:00+02:00,2026-08-20,Thursday,16:30,Disneyland Park,Fantasyland,Mad Hatter's Tea Cups,OPEN,5,,,2026-08-20T14:30:05.000Z,20,
2026-08-20T16:30:00+02:00,2026-08-20,Thursday,16:30,Disneyland Park,Fantasyland,Meet Mickey Mouse,OPEN,0,,,2026-08-20T14:30:05.000Z,13,
2026-08-20T16:30:00+02:00,2026-08-20,Thursday,16:30,Disneyland Park,Fantasyland,Peter Pan's Flight,OPEN,70,,,2026-08-20T14:30:05.000Z,22,
2026-08-20T16:30:00+02:00,2026-08-20,Thursday,16:30,Disneyland Park,Fantasyland,Princess Pavilion,OPEN,0,,,2026-08-20T14:30:05.000Z,24,
2026-08-20T16:30:00+02:00,2026-08-20,Thursday,16:30,Disneyland Park,Frontierland,Big Thunder Mountain,OPEN,80,,,2026-08-20T14:30:05.000Z,25,
2026-08-20T16:30:00+02:00,2026-08-20,Thursday,16:30,Disneyland Park,Frontierland,Disneyland Railroad Frontierland Depot,OPEN,20,,,2026-08-20T14:30:05.000Z,2714,
2026-08-20T16:30:00+02:00,2026-08-20,Thursday,16:30,Disneyland Park,Frontierland,Frontierland Playground,OPEN,0,,,2026-08-20T14:30:05.000Z,2713,
2026-08-20T16:30:00+02:00,2026-08-20,Thursday,16:30,Disneyland Park,Frontierland,Phantom Manor,OPEN,25,,,2026-08-20T14:30:05.000Z,26,
2026-08-20T16:30:00+02:00,2026-08-20,Thursday,16:30,Disneyland Park,Frontierland,River Rogue Keelboats,CLOSED,0,,,2026-08-20T14:30:05.000Z,27,
2026-08-20T16:30:00+02:00,2026-08-20,Thursday,16:30,Disneyland Park,Frontierland,Rustler Roundup Shootin' Gallery,OPEN,0,,,2026-08-20T14:30:05.000Z,2712,
2026-08-20T16:30:00+02:00,2026-08-20,Thursday,16:30,Disneyland Park,Frontierland,Thunder Mesa Riverboat Landing,OPEN,20,,,2026-08-20T14:30:05.000Z,28,
2026-08-20T16:30:00+02:00,2026-08-20,Thursday,16:30,Disneyland Park,Main Street U.S.A,Disneyland Railroad Main Street Station,OPEN,0,,,2026-08-20T14:30:05.000Z,2708,
2026-08-20T16:30:00+02:00,2026-08-20,Thursday,16:30,Disneyland Park,Main Street U.S.A,Main Street Vehicles,CLOSED,0,,,2026-08-20T14:30:05.000Z,12,
2026-08-20T16:30:00+02:00,2026-08-20,Thursday,16:30,Disney Adventure World,Marvel Avengers Campus,Avengers Assemble: Flight Force,OPEN,30,25,OPEN,2026-08-20T14:30:05.000Z,10848,10849
2026-08-20T16:30:00+02:00,2026-08-20,Thursday,16:30,Disney Adventure World,Marvel Avengers Campus,Spider-Man W.E.B. Adventure,OPEN,100,30,OPEN,2026-08-20T14:30:05.000Z,10845,10846
2026-08-20T16:30:00+02:00,2026-08-20,Thursday,16:30,Disney Adventure World,Production Courtyard,The Twilight Zone Tower of Terror,OPEN,50,,,2026-08-20T14:30:05.000Z,40,
2026-08-20T16:30:00+02:00,2026-08-20,Thursday,16:30,Disney Adventure World,Toon Studio,Cars Quatre Roues Rallye,OPEN,25,,,2026-08-20T14:30:05.000Z,31,
2026-08-20T16:30:00+02:00,2026-08-20,Thursday,16:30,Disney Adventure World,Toon Studio,Cars ROAD TRIP,OPEN,30,,,2026-08-20T14:30:05.000Z,29,
2026-08-20T16:30:00+02:00,2026-08-20,Thursday,16:30,Disney Adventure World,Toon Studio,Crush's Coaster,OPEN,100,60,OPEN,2026-08-20T14:30:05.000Z,32,7277
2026-08-20T16:30:00+02:00,2026-08-20,Thursday,16:30,Disney Adventure World,Toon Studio,Les Tapis Volants - Flying Carpets Over Agrabah®,OPEN,25,,,2026-08-20T14:30:05.000Z,33,
2026-08-20T16:30:00+02:00,2026-08-20,Thursday,16:30,Disney Adventure World,Toon Studio,Ratatouille : L’Aventure Totalement Toquée de Rémy​,OPEN,85,30,OPEN,2026-08-20T14:30:05.000Z,37,7279
2026-08-20T16:30:00+02:00,2026-08-20,Thursday,16:30,Disney Adventure World,Toon Studio,RC Racer,OPEN,55,50,OPEN,2026-08-20T14:30:05.000Z,34,7280
2026-08-20T16:30:00+02:00,2026-08-20,Thursday,16:30,Disney Adventure World,Toon Studio,Slinky® Dog Zigzag Spin,OPEN,25,,,2026-08-20T14:30:05.000Z,36,
2026-08-20T16:30:00+02:00,2026-08-20,Thursday,16:30,Disney Adventure World,Toon Studio,Toy Soldiers Parachute Drop,CLOSED,0,0,CLOSED,2026-08-20T14:30:05.000Z,35,7281
2026-08-20T16:30:00+02:00,2026-08-20,Thursday,16:30,Disney Adventure World,World of Frozen,Entry to World of Frozen,OPEN,0,,,2026-08-20T14:30:05.000Z,16247,
2026-08-20T16:30:00+02:00,2026-08-20,Thursday,16:30,Disney Adventure World,World of Frozen,Frozen Ever After,OPEN,90,,,2026-08-20T14:30:05.000Z,15413,
2026-08-20T16:30:00+02:00,2026-08-20,Thursday,16:30,Disney Adventure World,World of Frozen,Raiponce Tangled Spin,OPEN,20,,,2026-08-20T14:30:05.000Z,15415,
2026-08-20T16:45:00+02:00,2026-08-20,Thursday,16:45,Disneyland Park,Adventureland,Adventure Isle,OPEN,0,,,2026-08-20T14:50:05.000Z,2702,
2026-08-20T16:45:00+02:00,2026-08-20,Thursday,16:45,Disneyland Park,Adventureland,Indiana Jones™ and the Temple of Peril,OPEN,15,5,OPEN,2026-08-20T14:50:05.000Z,2,7306
2026-08-20T16:45:00+02:00,2026-08-20,Thursday,16:45,Disneyland Park,Adventureland,La Cabane des Robinson,OPEN,5,,,2026-08-20T14:50:05.000Z,1,
2026-08-20T16:45:00+02:00,2026-08-20,Thursday,16:45,Disneyland Park,Adventureland,Le Passage Enchanté d'Aladdin,OPEN,0,,,2026-08-20T14:50:05.000Z,2703,
2026-08-20T16:45:00+02:00,2026-08-20,Thursday,16:45,Disneyland Park,Adventureland,Pirate Galleon,CLOSED,0,,,2026-08-20T14:50:05.000Z,2705,
2026-08-20T16:45:00+02:00,2026-08-20,Thursday,16:45,Disneyland Park,Adventureland,Pirates of the Caribbean,OPEN,30,,,2026-08-20T14:50:05.000Z,3,
2026-08-20T16:45:00+02:00,2026-08-20,Thursday,16:45,Disneyland Park,Adventureland,Pirates' Beach,OPEN,0,,,2026-08-20T14:50:05.000Z,2704,
2026-08-20T16:45:00+02:00,2026-08-20,Thursday,16:45,Disneyland Park,Discoveryland,"Autopia, presented by Avis",OPEN,45,,,2026-08-20T14:50:05.000Z,4,
2026-08-20T16:45:00+02:00,2026-08-20,Thursday,16:45,Disneyland Park,Discoveryland,Buzz Lightyear Laser Blast,OPEN,75,,,2026-08-20T14:50:05.000Z,5,
2026-08-20T16:45:00+02:00,2026-08-20,Thursday,16:45,Disneyland Park,Discoveryland,Disneyland Railroad Discoveryland Station,CLOSED,0,,,2026-08-20T14:50:05.000Z,2706,
2026-08-20T16:45:00+02:00,2026-08-20,Thursday,16:45,Disneyland Park,Discoveryland,Les Mystères du Nautilus,OPEN,5,,,2026-08-20T14:50:05.000Z,6,
2026-08-20T16:45:00+02:00,2026-08-20,Thursday,16:45,Disneyland Park,Discoveryland,Mickey’s PhilharMagic,OPEN,0,,,2026-08-20T14:50:05.000Z,2707,
2026-08-20T16:45:00+02:00,2026-08-20,Thursday,16:45,Disneyland Park,Discoveryland,Orbitron®,OPEN,50,,,2026-08-20T14:50:05.000Z,7,
2026-08-20T16:45:00+02:00,2026-08-20,Thursday,16:45,Disneyland Park,Discoveryland,Star Tours: The Adventures Continue*,OPEN,10,,,2026-08-20T14:50:05.000Z,9,
2026-08-20T16:45:00+02:00,2026-08-20,Thursday,16:45,Disneyland Park,Discoveryland,Star Wars Hyperspace Mountain,OPEN,30,25,OPEN,2026-08-20T14:50:05.000Z,8,7278
2026-08-20T16:45:00+02:00,2026-08-20,Thursday,16:45,Disneyland Park,Discoveryland,Welcome to Starport: A Star Wars Encounter,OPEN,20,,,2026-08-20T14:50:05.000Z,4573,
2026-08-20T16:45:00+02:00,2026-08-20,Thursday,16:45,Disneyland Park,Fantasyland,"""it's a small world""",OPEN,20,,,2026-08-20T14:50:05.000Z,19,
2026-08-20T16:45:00+02:00,2026-08-20,Thursday,16:45,Disneyland Park,Fantasyland,Alice's Curious Labyrinth,OPEN,5,,,2026-08-20T14:50:05.000Z,14,
2026-08-20T16:45:00+02:00,2026-08-20,Thursday,16:45,Disneyland Park,Fantasyland,Blanche-Neige et les Sept Nains®,OPEN,20,,,2026-08-20T14:50:05.000Z,15,
2026-08-20T16:45:00+02:00,2026-08-20,Thursday,16:45,Disneyland Park,Fantasyland,Casey Jr. – le Petit Train du Cirque,OPEN,20,,,2026-08-20T14:50:05.000Z,17,
2026-08-20T16:45:00+02:00,2026-08-20,Thursday,16:45,Disneyland Park,Fantasyland,Disneyland Railroad Fantasyland Station,CLOSED,0,,,2026-08-20T14:50:05.000Z,2711,
2026-08-20T16:45:00+02:00,2026-08-20,Thursday,16:45,Disneyland Park,Fantasyland,Disneyland Railroad Main Street Station,OPEN,30,,,2026-08-20T14:50:05.000Z,11,
2026-08-20T16:45:00+02:00,2026-08-20,Thursday,16:45,Disneyland Park,Fantasyland,Dumbo the Flying Elephant,CLOSED,0,,,2026-08-20T14:50:05.000Z,18,
2026-08-20T16:45:00+02:00,2026-08-20,Thursday,16:45,Disneyland Park,Fantasyland,La Tanière du Dragon,OPEN,0,,,2026-08-20T14:50:05.000Z,2710,
2026-08-20T16:45:00+02:00,2026-08-20,Thursday,16:45,Disneyland Park,Fantasyland,Le Carrousel de Lancelot,OPEN,15,,,2026-08-20T14:50:05.000Z,16,
2026-08-20T16:45:00+02:00,2026-08-20,Thursday,16:45,Disneyland Park,Fantasyland,"Le Pays des Contes de Fées, presented by Vittel",OPEN,5,,,2026-08-20T14:50:05.000Z,21,
2026-08-20T16:45:00+02:00,2026-08-20,Thursday,16:45,Disneyland Park,Fantasyland,Les Voyages de Pinocchio,OPEN,25,,,2026-08-20T14:50:05.000Z,23,
2026-08-20T16:45:00+02:00,2026-08-20,Thursday,16:45,Disneyland Park,Fantasyland,Mad Hatter's Tea Cups,OPEN,5,,,2026-08-20T14:50:05.000Z,20,
2026-08-20T16:45:00+02:00,2026-08-20,Thursday,16:45,Disneyland Park,Fantasyland,Meet Mickey Mouse,OPEN,0,,,2026-08-20T14:50:05.000Z,13,
2026-08-20T16:45:00+02:00,2026-08-20,Thursday,16:45,Disneyland Park,Fantasyland,Peter Pan's Flight,OPEN,75,,,2026-08-20T14:50:05.000Z,22,
2026-08-20T16:45:00+02:00,2026-08-20,Thursday,16:45,Disneyland Park,Fantasyland,Princess Pavilion,OPEN,0,,,2026-08-20T14:50:05.000Z,24,
2026-08-20T16:45:00+02:00,2026-08-20,Thursday,16:45,Disneyland Park,Frontierland,Big Thunder Mountain,OPEN,70,,,2026-08-20T14:50:05.000Z,25,
2026-08-20T16:45:00+02:00,2026-08-20,Thursday,16:45,Disneyland Park,Frontierland,Disneyland Railroad Frontierland Depot,OPEN,20,,,2026-08-20T14:50:05.000Z,2714,
2026-08-20T16:45:00+02:00,2026-08-20,Thursday,16:45,Disneyland Park,Frontierland,Frontierland Playground,OPEN,0,,,2026-08-20T14:50:05.000Z,2713,
2026-08-20T16:45:00+02:00,2026-08-20,Thursday,16:45,Disneyland Park,Frontierland,Phantom Manor,OPEN,25,,,2026-08-20T14:50:05.000Z,26,
2026-08-20T16:45:00+02:00,2026-08-20,Thursday,16:45,Disneyland Park,Frontierland,River Rogue Keelboats,CLOSED,0,,,2026-08-20T14:50:05.000Z,27,
2026-08-20T16:45:00+02:00,2026-08-20,Thursday,16:45,Disneyland Park,Frontierland,Rustler Roundup Shootin' Gallery,OPEN,0,,,2026-08-20T14:50:05.000Z,2712,
2026-08-20T16:45:00+02:00,2026-08-20,Thursday,16:45,Disneyland Park,Frontierland,Thunder Mesa Riverboat Landing,OPEN,20,,,2026-08-20T14:50:05.000Z,28,
2026-08-20T16:45:00+02:00,2026-08-20,Thursday,16:45,Disneyland Park,Main Street U.S.A,Disneyland Railroad Main Street Station,OPEN,0,,,2026-08-20T14:50:05.000Z,2708,
2026-08-20T16:45:00+02:00,2026-08-20,Thursday,16:45,Disneyland Park,Main Street U.S.A,Main Street Vehicles,CLOSED,0,,,2026-08-20T14:50:05.000Z,12,
2026-08-20T16:45:00+02:00,2026-08-20,Thursday,16:45,Disney Adventure World,Marvel Avengers Campus,Avengers Assemble: Flight Force,OPEN,30,20,OPEN,2026-08-20T14:50:05.000Z,10848,10849
2026-08-20T16:45:00+02:00,2026-08-20,Thursday,16:45,Disney Adventure World,Marvel Avengers Campus,Spider-Man W.E.B. Adventure,OPEN,85,45,OPEN,2026-08-20T14:50:05.000Z,10845,10846
2026-08-20T16:45:00+02:00,2026-08-20,Thursday,16:45,Disney Adventure World,Production Courtyard,The Twilight Zone Tower of Terror,OPEN,25,,,2026-08-20T14:50:05.000Z,40,
2026-08-20T16:45:00+02:00,2026-08-20,Thursday,16:45,Disney Adventure World,Toon Studio,Cars Quatre Roues Rallye,OPEN,30,,,2026-08-20T14:50:05.000Z,31,
2026-08-20T16:45:00+02:00,2026-08-20,Thursday,16:45,Disney Adventure World,Toon Studio,Cars ROAD TRIP,OPEN,30,,,2026-08-20T14:50:05.000Z,29,
2026-08-20T16:45:00+02:00,2026-08-20,Thursday,16:45,Disney Adventure World,Toon Studio,Crush's Coaster,OPEN,85,45,OPEN,2026-08-20T14:50:05.000Z,32,7277
2026-08-20T16:45:00+02:00,2026-08-20,Thursday,16:45,Disney Adventure World,Toon Studio,Les Tapis Volants - Flying Carpets Over Agrabah®,OPEN,20,,,2026-08-20T14:50:05.000Z,33,
2026-08-20T16:45:00+02:00,2026-08-20,Thursday,16:45,Disney Adventure World,Toon Studio,Ratatouille : L’Aventure Totalement Toquée de Rémy​,OPEN,50,20,OPEN,2026-08-20T14:50:05.000Z,37,7279
2026-08-20T16:45:00+02:00,2026-08-20,Thursday,16:45,Disney Adventure World,Toon Studio,RC Racer,OPEN,60,55,OPEN,2026-08-20T14:50:05.000Z,34,7280
2026-08-20T16:45:00+02:00,2026-08-20,Thursday,16:45,Disney Adventure World,Toon Studio,Slinky® Dog Zigzag Spin,OPEN,20,,,2026-08-20T14:50:05.000Z,36,
2026-08-20T16:45:00+02:00,2026-08-20,Thursday,16:45,Disney Adventure World,Toon Studio,Toy Soldiers Parachute Drop,OPEN,65,25,OPEN,2026-08-20T14:50:05.000Z,35,7281
2026-08-20T16:45:00+02:00,2026-08-20,Thursday,16:45,Disney Adventure World,World of Frozen,Entry to World of Frozen,OPEN,0,,,2026-08-20T14:50:05.000Z,16247,
2026-08-20T16:45:00+02:00,2026-08-20,Thursday,16:45,Disney Adventure World,World of Frozen,Frozen Ever After,OPEN,85,,,2026-08-20T14:50:05.000Z,15413,
2026-08-20T16:45:00+02:00,2026-08-20,Thursday,16:45,Disney Adventure World,World of Frozen,Raiponce Tangled Spin,OPEN,20,,,2026-08-20T14:50:05.000Z,15415,
2026-08-20T18:30:00+02:00,2026-08-20,Thursday,18:30,Disneyland Park,Adventureland,Adventure Isle,OPEN,0,,,2026-08-20T16:30:05.000Z,2702,
2026-08-20T18:30:00+02:00,2026-08-20,Thursday,18:30,Disneyland Park,Adventureland,Indiana Jones™ and the Temple of Peril,OPEN,10,5,OPEN,2026-08-20T16:30:05.000Z,2,7306
2026-08-20T18:30:00+02:00,2026-08-20,Thursday,18:30,Disneyland Park,Adventureland,La Cabane des Robinson,OPEN,5,,,2026-08-20T16:30:05.000Z,1,
2026-08-20T18:30:00+02:00,2026-08-20,Thursday,18:30,Disneyland Park,Adventureland,Le Passage Enchanté d'Aladdin,OPEN,0,,,2026-08-20T16:30:05.000Z,2703,
2026-08-20T18:30:00+02:00,2026-08-20,Thursday,18:30,Disneyland Park,Adventureland,Pirate Galleon,CLOSED,0,,,2026-08-20T16:30:05.000Z,2705,
2026-08-20T18:30:00+02:00,2026-08-20,Thursday,18:30,Disneyland Park,Adventureland,Pirates of the Caribbean,OPEN,30,,,2026-08-20T16:30:05.000Z,3,
2026-08-20T18:30:00+02:00,2026-08-20,Thursday,18:30,Disneyland Park,Adventureland,Pirates' Beach,OPEN,0,,,2026-08-20T16:30:05.000Z,2704,
2026-08-20T18:30:00+02:00,2026-08-20,Thursday,18:30,Disneyland Park,Discoveryland,"Autopia, presented by Avis",OPEN,45,,,2026-08-20T16:30:05.000Z,4,
2026-08-20T18:30:00+02:00,2026-08-20,Thursday,18:30,Disneyland Park,Discoveryland,Buzz Lightyear Laser Blast,OPEN,60,,,2026-08-20T16:30:05.000Z,5,
2026-08-20T18:30:00+02:00,2026-08-20,Thursday,18:30,Disneyland Park,Discoveryland,Disneyland Railroad Discoveryland Station,CLOSED,0,,,2026-08-20T16:30:05.000Z,2706,
2026-08-20T18:30:00+02:00,2026-08-20,Thursday,18:30,Disneyland Park,Discoveryland,Les Mystères du Nautilus,OPEN,5,,,2026-08-20T16:30:05.000Z,6,
2026-08-20T18:30:00+02:00,2026-08-20,Thursday,18:30,Disneyland Park,Discoveryland,Mickey’s PhilharMagic,CLOSED,0,,,2026-08-20T16:30:05.000Z,2707,
2026-08-20T18:30:00+02:00,2026-08-20,Thursday,18:30,Disneyland Park,Discoveryland,Orbitron®,OPEN,65,,,2026-08-20T16:30:05.000Z,7,
2026-08-20T18:30:00+02:00,2026-08-20,Thursday,18:30,Disneyland Park,Discoveryland,Star Tours: The Adventures Continue*,OPEN,10,,,2026-08-20T16:30:05.000Z,9,
2026-08-20T18:30:00+02:00,2026-08-20,Thursday,18:30,Disneyland Park,Discoveryland,Star Wars Hyperspace Mountain,OPEN,25,15,OPEN,2026-08-20T16:30:05.000Z,8,7278
2026-08-20T18:30:00+02:00,2026-08-20,Thursday,18:30,Disneyland Park,Discoveryland,Welcome to Starport: A Star Wars Encounter,CLOSED,0,,,2026-08-20T16:30:05.000Z,4573,
2026-08-20T18:30:00+02:00,2026-08-20,Thursday,18:30,Disneyland Park,Fantasyland,"""it's a small world""",OPEN,5,,,2026-08-20T16:30:05.000Z,19,
2026-08-20T18:30:00+02:00,2026-08-20,Thursday,18:30,Disneyland Park,Fantasyland,Alice's Curious Labyrinth,OPEN,5,,,2026-08-20T16:30:05.000Z,14,
2026-08-20T18:30:00+02:00,2026-08-20,Thursday,18:30,Disneyland Park,Fantasyland,Blanche-Neige et les Sept Nains®,OPEN,20,,,2026-08-20T16:30:05.000Z,15,
2026-08-20T18:30:00+02:00,2026-08-20,Thursday,18:30,Disneyland Park,Fantasyland,Casey Jr. – le Petit Train du Cirque,OPEN,10,,,2026-08-20T16:30:05.000Z,17,
2026-08-20T18:30:00+02:00,2026-08-20,Thursday,18:30,Disneyland Park,Fantasyland,Disneyland Railroad Fantasyland Station,CLOSED,0,,,2026-08-20T16:30:05.000Z,2711,
2026-08-20T18:30:00+02:00,2026-08-20,Thursday,18:30,Disneyland Park,Fantasyland,Disneyland Railroad Main Street Station,OPEN,20,,,2026-08-20T16:30:05.000Z,11,
2026-08-20T18:30:00+02:00,2026-08-20,Thursday,18:30,Disneyland Park,Fantasyland,Dumbo the Flying Elephant,CLOSED,0,,,2026-08-20T16:30:05.000Z,18,
2026-08-20T18:30:00+02:00,2026-08-20,Thursday,18:30,Disneyland Park,Fantasyland,La Tanière du Dragon,OPEN,0,,,2026-08-20T16:30:05.000Z,2710,
2026-08-20T18:30:00+02:00,2026-08-20,Thursday,18:30,Disneyland Park,Fantasyland,Le Carrousel de Lancelot,OPEN,15,,,2026-08-20T16:30:05.000Z,16,
2026-08-20T18:30:00+02:00,2026-08-20,Thursday,18:30,Disneyland Park,Fantasyland,"Le Pays des Contes de Fées, presented by Vittel",OPEN,5,,,2026-08-20T16:30:05.000Z,21,
2026-08-20T18:30:00+02:00,2026-08-20,Thursday,18:30,Disneyland Park,Fantasyland,Les Voyages de Pinocchio,OPEN,25,,,2026-08-20T16:30:05.000Z,23,
2026-08-20T18:30:00+02:00,2026-08-20,Thursday,18:30,Disneyland Park,Fantasyland,Mad Hatter's Tea Cups,OPEN,5,,,2026-08-20T16:30:05.000Z,20,
2026-08-20T18:30:00+02:00,2026-08-20,Thursday,18:30,Disneyland Park,Fantasyland,Meet Mickey Mouse,CLOSED,0,,,2026-08-20T16:30:05.000Z,13,
2026-08-20T18:30:00+02:00,2026-08-20,Thursday,18:30,Disneyland Park,Fantasyland,Peter Pan's Flight,OPEN,65,,,2026-08-20T16:30:05.000Z,22,
2026-08-20T18:30:00+02:00,2026-08-20,Thursday,18:30,Disneyland Park,Fantasyland,Princess Pavilion,CLOSED,0,,,2026-08-20T16:30:05.000Z,24,
2026-08-20T18:30:00+02:00,2026-08-20,Thursday,18:30,Disneyland Park,Frontierland,Big Thunder Mountain,CLOSED,0,,,2026-08-20T16:30:05.000Z,25,
2026-08-20T18:30:00+02:00,2026-08-20,Thursday,18:30,Disneyland Park,Frontierland,Disneyland Railroad Frontierland Depot,OPEN,20,,,2026-08-20T16:30:05.000Z,2714,
2026-08-20T18:30:00+02:00,2026-08-20,Thursday,18:30,Disneyland Park,Frontierland,Frontierland Playground,OPEN,0,,,2026-08-20T16:30:05.000Z,2713,
2026-08-20T18:30:00+02:00,2026-08-20,Thursday,18:30,Disneyland Park,Frontierland,Phantom Manor,OPEN,25,,,2026-08-20T16:30:05.000Z,26,
2026-08-20T18:30:00+02:00,2026-08-20,Thursday,18:30,Disneyland Park,Frontierland,River Rogue Keelboats,CLOSED,0,,,2026-08-20T16:30:05.000Z,27,
2026-08-20T18:30:00+02:00,2026-08-20,Thursday,18:30,Disneyland Park,Frontierland,Rustler Roundup Shootin' Gallery,OPEN,0,,,2026-08-20T16:30:05.000Z,2712,
2026-08-20T18:30:00+02:00,2026-08-20,Thursday,18:30,Disneyland Park,Frontierland,Thunder Mesa Riverboat Landing,CLOSED,0,,,2026-08-20T16:30:05.000Z,28,
2026-08-20T18:30:00+02:00,2026-08-20,Thursday,18:30,Disneyland Park,Main Street U.S.A,Disneyland Railroad Main Street Station,OPEN,0,,,2026-08-20T16:30:05.000Z,2708,
2026-08-20T18:30:00+02:00,2026-08-20,Thursday,18:30,Disneyland Park,Main Street U.S.A,Main Street Vehicles,CLOSED,0,,,2026-08-20T16:30:05.000Z,12,
2026-08-20T18:30:00+02:00,2026-08-20,Thursday,18:30,Disney Adventure World,Marvel Avengers Campus,Avengers Assemble: Flight Force,OPEN,25,15,OPEN,2026-08-20T16:30:05.000Z,10848,10849
2026-08-20T18:30:00+02:00,2026-08-20,Thursday,18:30,Disney Adventure World,Marvel Avengers Campus,Spider-Man W.E.B. Adventure,OPEN,65,35,OPEN,2026-08-20T16:30:05.000Z,10845,10846
2026-08-20T18:30:00+02:00,2026-08-20,Thursday,18:30,Disney Adventure World,Production Courtyard,The Twilight Zone Tower of Terror,OPEN,40,,,2026-08-20T16:30:05.000Z,40,
2026-08-20T18:30:00+02:00,2026-08-20,Thursday,18:30,Disney Adventure World,Toon Studio,Cars Quatre Roues Rallye,OPEN,10,,,2026-08-20T16:30:05.000Z,31,
2026-08-20T18:30:00+02:00,2026-08-20,Thursday,18:30,Disney Adventure World,Toon Studio,Cars ROAD TRIP,OPEN,15,,,2026-08-20T16:30:05.000Z,29,
2026-08-20T18:30:00+02:00,2026-08-20,Thursday,18:30,Disney Adventure World,Toon Studio,Crush's Coaster,OPEN,85,60,OPEN,2026-08-20T16:30:05.000Z,32,7277
2026-08-20T18:30:00+02:00,2026-08-20,Thursday,18:30,Disney Adventure World,Toon Studio,Les Tapis Volants - Flying Carpets Over Agrabah®,OPEN,25,,,2026-08-20T16:30:05.000Z,33,
2026-08-20T18:30:00+02:00,2026-08-20,Thursday,18:30,Disney Adventure World,Toon Studio,Ratatouille : L’Aventure Totalement Toquée de Rémy​,OPEN,50,10,OPEN,2026-08-20T16:30:05.000Z,37,7279
2026-08-20T18:30:00+02:00,2026-08-20,Thursday,18:30,Disney Adventure World,Toon Studio,RC Racer,OPEN,45,35,OPEN,2026-08-20T16:30:05.000Z,34,7280
2026-08-20T18:30:00+02:00,2026-08-20,Thursday,18:30,Disney Adventure World,Toon Studio,Slinky® Dog Zigzag Spin,OPEN,20,,,2026-08-20T16:30:05.000Z,36,
2026-08-20T18:30:00+02:00,2026-08-20,Thursday,18:30,Disney Adventure World,Toon Studio,Toy Soldiers Parachute Drop,OPEN,50,30,OPEN,2026-08-20T16:30:05.000Z,35,7281
2026-08-20T18:30:00+02:00,2026-08-20,Thursday,18:30,Disney Adventure World,World of Frozen,Entry to World of Frozen,OPEN,0,,,2026-08-20T16:30:05.000Z,16247,
2026-08-20T18:30:00+02:00,2026-08-20,Thursday,18:30,Disney Adventure World,World of Frozen,Frozen Ever After,OPEN,75,,,2026-08-20T16:30:05.000Z,15413,
2026-08-20T18:30:00+02:00,2026-08-20,Thursday,18:30,Disney Adventure World,World of Frozen,Raiponce Tangled Spin,OPEN,5,,,2026-08-20T16:30:05.000Z,15415,
2026-08-20T19:00:00+02:00,2026-08-20,Thursday,19:00,Disneyland Park,Adventureland,Adventure Isle,OPEN,0,,,2026-08-20T16:55:19.000Z,2702,
2026-08-20T19:00:00+02:00,2026-08-20,Thursday,19:00,Disneyland Park,Adventureland,Indiana Jones™ and the Temple of Peril,OPEN,5,5,OPEN,2026-08-20T16:55:19.000Z,2,7306
2026-08-20T19:00:00+02:00,2026-08-20,Thursday,19:00,Disneyland Park,Adventureland,La Cabane des Robinson,OPEN,5,,,2026-08-20T16:55:19.000Z,1,
2026-08-20T19:00:00+02:00,2026-08-20,Thursday,19:00,Disneyland Park,Adventureland,Le Passage Enchanté d'Aladdin,OPEN,0,,,2026-08-20T16:55:19.000Z,2703,
2026-08-20T19:00:00+02:00,2026-08-20,Thursday,19:00,Disneyland Park,Adventureland,Pirate Galleon,CLOSED,0,,,2026-08-20T16:55:19.000Z,2705,
2026-08-20T19:00:00+02:00,2026-08-20,Thursday,19:00,Disneyland Park,Adventureland,Pirates of the Caribbean,OPEN,30,,,2026-08-20T16:55:19.000Z,3,
2026-08-20T19:00:00+02:00,2026-08-20,Thursday,19:00,Disneyland Park,Adventureland,Pirates' Beach,OPEN,0,,,2026-08-20T16:55:19.000Z,2704,
2026-08-20T19:00:00+02:00,2026-08-20,Thursday,19:00,Disneyland Park,Discoveryland,"Autopia, presented by Avis",OPEN,45,,,2026-08-20T16:55:19.000Z,4,
2026-08-20T19:00:00+02:00,2026-08-20,Thursday,19:00,Disneyland Park,Discoveryland,Buzz Lightyear Laser Blast,OPEN,45,,,2026-08-20T16:55:19.000Z,5,
2026-08-20T19:00:00+02:00,2026-08-20,Thursday,19:00,Disneyland Park,Discoveryland,Disneyland Railroad Discoveryland Station,CLOSED,0,,,2026-08-20T16:55:19.000Z,2706,
2026-08-20T19:00:00+02:00,2026-08-20,Thursday,19:00,Disneyland Park,Discoveryland,Les Mystères du Nautilus,OPEN,5,,,2026-08-20T16:55:19.000Z,6,
2026-08-20T19:00:00+02:00,2026-08-20,Thursday,19:00,Disneyland Park,Discoveryland,Mickey’s PhilharMagic,CLOSED,0,,,2026-08-20T16:55:19.000Z,2707,
2026-08-20T19:00:00+02:00,2026-08-20,Thursday,19:00,Disneyland Park,Discoveryland,Orbitron®,OPEN,65,,,2026-08-20T16:55:19.000Z,7,
2026-08-20T19:00:00+02:00,2026-08-20,Thursday,19:00,Disneyland Park,Discoveryland,Star Tours: The Adventures Continue*,OPEN,5,,,2026-08-20T16:55:19.000Z,9,
2026-08-20T19:00:00+02:00,2026-08-20,Thursday,19:00,Disneyland Park,Discoveryland,Star Wars Hyperspace Mountain,OPEN,30,25,OPEN,2026-08-20T16:55:19.000Z,8,7278
2026-08-20T19:00:00+02:00,2026-08-20,Thursday,19:00,Disneyland Park,Discoveryland,Welcome to Starport: A Star Wars Encounter,CLOSED,0,,,2026-08-20T16:55:19.000Z,4573,
2026-08-20T19:00:00+02:00,2026-08-20,Thursday,19:00,Disneyland Park,Fantasyland,"""it's a small world""",OPEN,5,,,2026-08-20T16:55:19.000Z,19,
2026-08-20T19:00:00+02:00,2026-08-20,Thursday,19:00,Disneyland Park,Fantasyland,Alice's Curious Labyrinth,OPEN,5,,,2026-08-20T16:55:19.000Z,14,
2026-08-20T19:00:00+02:00,2026-08-20,Thursday,19:00,Disneyland Park,Fantasyland,Blanche-Neige et les Sept Nains®,OPEN,20,,,2026-08-20T16:55:19.000Z,15,
2026-08-20T19:00:00+02:00,2026-08-20,Thursday,19:00,Disneyland Park,Fantasyland,Casey Jr. – le Petit Train du Cirque,OPEN,20,,,2026-08-20T16:55:19.000Z,17,
2026-08-20T19:00:00+02:00,2026-08-20,Thursday,19:00,Disneyland Park,Fantasyland,Disneyland Railroad Fantasyland Station,CLOSED,0,,,2026-08-20T16:55:19.000Z,2711,
2026-08-20T19:00:00+02:00,2026-08-20,Thursday,19:00,Disneyland Park,Fantasyland,Disneyland Railroad Main Street Station,OPEN,20,,,2026-08-20T16:55:19.000Z,11,
2026-08-20T19:00:00+02:00,2026-08-20,Thursday,19:00,Disneyland Park,Fantasyland,Dumbo the Flying Elephant,CLOSED,0,,,2026-08-20T16:55:19.000Z,18,
2026-08-20T19:00:00+02:00,2026-08-20,Thursday,19:00,Disneyland Park,Fantasyland,La Tanière du Dragon,OPEN,0,,,2026-08-20T16:55:19.000Z,2710,
2026-08-20T19:00:00+02:00,2026-08-20,Thursday,19:00,Disneyland Park,Fantasyland,Le Carrousel de Lancelot,OPEN,15,,,2026-08-20T16:55:19.000Z,16,
2026-08-20T19:00:00+02:00,2026-08-20,Thursday,19:00,Disneyland Park,Fantasyland,"Le Pays des Contes de Fées, presented by Vittel",OPEN,5,,,2026-08-20T16:55:19.000Z,21,
2026-08-20T19:00:00+02:00,2026-08-20,Thursday,19:00,Disneyland Park,Fantasyland,Les Voyages de Pinocchio,OPEN,25,,,2026-08-20T16:55:19.000Z,23,
2026-08-20T19:00:00+02:00,2026-08-20,Thursday,19:00,Disneyland Park,Fantasyland,Mad Hatter's Tea Cups,OPEN,10,,,2026-08-20T16:55:19.000Z,20,
2026-08-20T19:00:00+02:00,2026-08-20,Thursday,19:00,Disneyland Park,Fantasyland,Meet Mickey Mouse,CLOSED,0,,,2026-08-20T16:55:19.000Z,13,
2026-08-20T19:00:00+02:00,2026-08-20,Thursday,19:00,Disneyland Park,Fantasyland,Peter Pan's Flight,OPEN,65,,,2026-08-20T16:55:19.000Z,22,
2026-08-20T19:00:00+02:00,2026-08-20,Thursday,19:00,Disneyland Park,Fantasyland,Princess Pavilion,CLOSED,0,,,2026-08-20T16:55:19.000Z,24,
2026-08-20T19:00:00+02:00,2026-08-20,Thursday,19:00,Disneyland Park,Frontierland,Big Thunder Mountain,OPEN,75,,,2026-08-20T16:55:19.000Z,25,
2026-08-20T19:00:00+02:00,2026-08-20,Thursday,19:00,Disneyland Park,Frontierland,Disneyland Railroad Frontierland Depot,OPEN,20,,,2026-08-20T16:55:19.000Z,2714,
2026-08-20T19:00:00+02:00,2026-08-20,Thursday,19:00,Disneyland Park,Frontierland,Frontierland Playground,OPEN,0,,,2026-08-20T16:55:19.000Z,2713,
2026-08-20T19:00:00+02:00,2026-08-20,Thursday,19:00,Disneyland Park,Frontierland,Phantom Manor,OPEN,25,,,2026-08-20T16:55:19.000Z,26,
2026-08-20T19:00:00+02:00,2026-08-20,Thursday,19:00,Disneyland Park,Frontierland,River Rogue Keelboats,CLOSED,0,,,2026-08-20T16:55:19.000Z,27,
2026-08-20T19:00:00+02:00,2026-08-20,Thursday,19:00,Disneyland Park,Frontierland,Rustler Roundup Shootin' Gallery,OPEN,0,,,2026-08-20T16:55:19.000Z,2712,
2026-08-20T19:00:00+02:00,2026-08-20,Thursday,19:00,Disneyland Park,Frontierland,Thunder Mesa Riverboat Landing,CLOSED,0,,,2026-08-20T16:55:19.000Z,28,
2026-08-20T19:00:00+02:00,2026-08-20,Thursday,19:00,Disneyland Park,Main Street U.S.A,Disneyland Railroad Main Street Station,OPEN,0,,,2026-08-20T16:55:19.000Z,2708,
2026-08-20T19:00:00+02:00,2026-08-20,Thursday,19:00,Disneyland Park,Main Street U.S.A,Main Street Vehicles,CLOSED,0,,,2026-08-20T16:55:19.000Z,12,
2026-08-20T19:00:00+02:00,2026-08-20,Thursday,19:00,Disney Adventure World,Marvel Avengers Campus,Avengers Assemble: Flight Force,OPEN,30,25,OPEN,2026-08-20T16:55:19.000Z,10848,10849
2026-08-20T19:00:00+02:00,2026-08-20,Thursday,19:00,Disney Adventure World,Marvel Avengers Campus,Spider-Man W.E.B. Adventure,OPEN,80,40,OPEN,2026-08-20T16:55:19.000Z,10845,10846
2026-08-20T19:00:00+02:00,2026-08-20,Thursday,19:00,Disney Adventure World,Production Courtyard,The Twilight Zone Tower of Terror,OPEN,40,,,2026-08-20T16:55:19.000Z,40,
2026-08-20T19:00:00+02:00,2026-08-20,Thursday,19:00,Disney Adventure World,Toon Studio,Cars Quatre Roues Rallye,OPEN,15,,,2026-08-20T16:55:19.000Z,31,
2026-08-20T19:00:00+02:00,2026-08-20,Thursday,19:00,Disney Adventure World,Toon Studio,Cars ROAD TRIP,OPEN,30,,,2026-08-20T16:55:19.000Z,29,
2026-08-20T19:00:00+02:00,2026-08-20,Thursday,19:00,Disney Adventure World,Toon Studio,Crush's Coaster,OPEN,80,50,OPEN,2026-08-20T16:55:19.000Z,32,7277
2026-08-20T19:00:00+02:00,2026-08-20,Thursday,19:00,Disney Adventure World,Toon Studio,Les Tapis Volants - Flying Carpets Over Agrabah®,OPEN,30,,,2026-08-20T16:55:19.000Z,33,
2026-08-20T19:00:00+02:00,2026-08-20,Thursday,19:00,Disney Adventure World,Toon Studio,Ratatouille : L’Aventure Totalement Toquée de Rémy​,OPEN,60,25,OPEN,2026-08-20T16:55:19.000Z,37,7279
2026-08-20T19:00:00+02:00,2026-08-20,Thursday,19:00,Disney Adventure World,Toon Studio,RC Racer,OPEN,55,50,OPEN,2026-08-20T16:55:19.000Z,34,7280
2026-08-20T19:00:00+02:00,2026-08-20,Thursday,19:00,Disney Adventure World,Toon Studio,Slinky® Dog Zigzag Spin,OPEN,30,,,2026-08-20T16:55:19.000Z,36,
2026-08-20T19:00:00+02:00,2026-08-20,Thursday,19:00,Disney Adventure World,Toon Studio,Toy Soldiers Parachute Drop,OPEN,55,20,OPEN,2026-08-20T16:55:19.000Z,35,7281
2026-08-20T19:00:00+02:00,2026-08-20,Thursday,19:00,Disney Adventure World,World of Frozen,Entry to World of Frozen,OPEN,0,,,2026-08-20T16:55:19.000Z,16247,
2026-08-20T19:00:00+02:00,2026-08-20,Thursday,19:00,Disney Adventure World,World of Frozen,Frozen Ever After,OPEN,80,,,2026-08-20T16:55:19.000Z,15413,
2026-08-20T19:00:00+02:00,2026-08-20,Thursday,19:00,Disney Adventure World,World of Frozen,Raiponce Tangled Spin,OPEN,5,,,2026-08-20T16:55:19.000Z,15415,
2026-08-20T19:15:00+02:00,2026-08-20,Thursday,19:15,Disneyland Park,Adventureland,Adventure Isle,OPEN,0,,,2026-08-20T17:10:03.000Z,2702,
2026-08-20T19:15:00+02:00,2026-08-20,Thursday,19:15,Disneyland Park,Adventureland,Indiana Jones™ and the Temple of Peril,OPEN,15,10,OPEN,2026-08-20T17:10:03.000Z,2,7306
2026-08-20T19:15:00+02:00,2026-08-20,Thursday,19:15,Disneyland Park,Adventureland,La Cabane des Robinson,OPEN,5,,,2026-08-20T17:10:03.000Z,1,
2026-08-20T19:15:00+02:00,2026-08-20,Thursday,19:15,Disneyland Park,Adventureland,Le Passage Enchanté d'Aladdin,OPEN,0,,,2026-08-20T17:10:03.000Z,2703,
2026-08-20T19:15:00+02:00,2026-08-20,Thursday,19:15,Disneyland Park,Adventureland,Pirate Galleon,CLOSED,0,,,2026-08-20T17:10:03.000Z,2705,
2026-08-20T19:15:00+02:00,2026-08-20,Thursday,19:15,Disneyland Park,Adventureland,Pirates of the Caribbean,OPEN,15,,,2026-08-20T17:10:03.000Z,3,
2026-08-20T19:15:00+02:00,2026-08-20,Thursday,19:15,Disneyland Park,Adventureland,Pirates' Beach,OPEN,0,,,2026-08-20T17:10:03.000Z,2704,
2026-08-20T19:15:00+02:00,2026-08-20,Thursday,19:15,Disneyland Park,Discoveryland,"Autopia, presented by Avis",OPEN,35,,,2026-08-20T17:10:03.000Z,4,
2026-08-20T19:15:00+02:00,2026-08-20,Thursday,19:15,Disneyland Park,Discoveryland,Buzz Lightyear Laser Blast,OPEN,60,,,2026-08-20T17:10:03.000Z,5,
2026-08-20T19:15:00+02:00,2026-08-20,Thursday,19:15,Disneyland Park,Discoveryland,Disneyland Railroad Discoveryland Station,CLOSED,0,,,2026-08-20T17:10:03.000Z,2706,
2026-08-20T19:15:00+02:00,2026-08-20,Thursday,19:15,Disneyland Park,Discoveryland,Les Mystères du Nautilus,OPEN,5,,,2026-08-20T17:10:03.000Z,6,
2026-08-20T19:15:00+02:00,2026-08-20,Thursday,19:15,Disneyland Park,Discoveryland,Mickey’s PhilharMagic,CLOSED,0,,,2026-08-20T17:10:03.000Z,2707,
2026-08-20T19:15:00+02:00,2026-08-20,Thursday,19:15,Disneyland Park,Discoveryland,Orbitron®,OPEN,60,,,2026-08-20T17:10:03.000Z,7,
2026-08-20T19:15:00+02:00,2026-08-20,Thursday,19:15,Disneyland Park,Discoveryland,Star Tours: The Adventures Continue*,OPEN,5,,,2026-08-20T17:10:03.000Z,9,
2026-08-20T19:15:00+02:00,2026-08-20,Thursday,19:15,Disneyland Park,Discoveryland,Star Wars Hyperspace Mountain,OPEN,25,20,OPEN,2026-08-20T17:10:03.000Z,8,7278
2026-08-20T19:15:00+02:00,2026-08-20,Thursday,19:15,Disneyland Park,Discoveryland,Welcome to Starport: A Star Wars Encounter,CLOSED,0,,,2026-08-20T17:10:03.000Z,4573,
2026-08-20T19:15:00+02:00,2026-08-20,Thursday,19:15,Disneyland Park,Fantasyland,"""it's a small world""",OPEN,5,,,2026-08-20T17:10:03.000Z,19,
2026-08-20T19:15:00+02:00,2026-08-20,Thursday,19:15,Disneyland Park,Fantasyland,Alice's Curious Labyrinth,OPEN,5,,,2026-08-20T17:10:03.000Z,14,
2026-08-20T19:15:00+02:00,2026-08-20,Thursday,19:15,Disneyland Park,Fantasyland,Blanche-Neige et les Sept Nains®,OPEN,30,,,2026-08-20T17:10:03.000Z,15,
2026-08-20T19:15:00+02:00,2026-08-20,Thursday,19:15,Disneyland Park,Fantasyland,Casey Jr. – le Petit Train du Cirque,OPEN,20,,,2026-08-20T17:10:03.000Z,17,
2026-08-20T19:15:00+02:00,2026-08-20,Thursday,19:15,Disneyland Park,Fantasyland,Disneyland Railroad Fantasyland Station,CLOSED,0,,,2026-08-20T17:10:03.000Z,2711,
2026-08-20T19:15:00+02:00,2026-08-20,Thursday,19:15,Disneyland Park,Fantasyland,Disneyland Railroad Main Street Station,OPEN,20,,,2026-08-20T17:10:03.000Z,11,
2026-08-20T19:15:00+02:00,2026-08-20,Thursday,19:15,Disneyland Park,Fantasyland,Dumbo the Flying Elephant,CLOSED,0,,,2026-08-20T17:10:03.000Z,18,
2026-08-20T19:15:00+02:00,2026-08-20,Thursday,19:15,Disneyland Park,Fantasyland,La Tanière du Dragon,OPEN,0,,,2026-08-20T17:10:03.000Z,2710,
2026-08-20T19:15:00+02:00,2026-08-20,Thursday,19:15,Disneyland Park,Fantasyland,Le Carrousel de Lancelot,OPEN,15,,,2026-08-20T17:10:03.000Z,16,
2026-08-20T19:15:00+02:00,2026-08-20,Thursday,19:15,Disneyland Park,Fantasyland,"Le Pays des Contes de Fées, presented by Vittel",OPEN,5,,,2026-08-20T17:10:03.000Z,21,
2026-08-20T19:15:00+02:00,2026-08-20,Thursday,19:15,Disneyland Park,Fantasyland,Les Voyages de Pinocchio,OPEN,25,,,2026-08-20T17:10:03.000Z,23,
2026-08-20T19:15:00+02:00,2026-08-20,Thursday,19:15,Disneyland Park,Fantasyland,Mad Hatter's Tea Cups,OPEN,10,,,2026-08-20T17:10:03.000Z,20,
2026-08-20T19:15:00+02:00,2026-08-20,Thursday,19:15,Disneyland Park,Fantasyland,Meet Mickey Mouse,CLOSED,0,,,2026-08-20T17:10:03.000Z,13,
2026-08-20T19:15:00+02:00,2026-08-20,Thursday,19:15,Disneyland Park,Fantasyland,Peter Pan's Flight,OPEN,65,,,2026-08-20T17:10:03.000Z,22,
2026-08-20T19:15:00+02:00,2026-08-20,Thursday,19:15,Disneyland Park,Fantasyland,Princess Pavilion,CLOSED,0,,,2026-08-20T17:10:03.000Z,24,
2026-08-20T19:15:00+02:00,2026-08-20,Thursday,19:15,Disneyland Park,Frontierland,Big Thunder Mountain,OPEN,75,,,2026-08-20T17:10:03.000Z,25,
2026-08-20T19:15:00+02:00,2026-08-20,Thursday,19:15,Disneyland Park,Frontierland,Disneyland Railroad Frontierland Depot,OPEN,20,,,2026-08-20T17:10:03.000Z,2714,
2026-08-20T19:15:00+02:00,2026-08-20,Thursday,19:15,Disneyland Park,Frontierland,Frontierland Playground,OPEN,0,,,2026-08-20T17:10:03.000Z,2713,
2026-08-20T19:15:00+02:00,2026-08-20,Thursday,19:15,Disneyland Park,Frontierland,Phantom Manor,OPEN,25,,,2026-08-20T17:10:03.000Z,26,
2026-08-20T19:15:00+02:00,2026-08-20,Thursday,19:15,Disneyland Park,Frontierland,River Rogue Keelboats,CLOSED,0,,,2026-08-20T17:10:03.000Z,27,
2026-08-20T19:15:00+02:00,2026-08-20,Thursday,19:15,Disneyland Park,Frontierland,Rustler Roundup Shootin' Gallery,OPEN,0,,,2026-08-20T17:10:03.000Z,2712,
2026-08-20T19:15:00+02:00,2026-08-20,Thursday,19:15,Disneyland Park,Frontierland,Thunder Mesa Riverboat Landing,CLOSED,0,,,2026-08-20T17:10:03.000Z,28,
2026-08-20T19:15:00+02:00,2026-08-20,Thursday,19:15,Disneyland Park,Main Street U.S.A,Disneyland Railroad Main Street Station,OPEN,0,,,2026-08-20T17:10:03.000Z,2708,
2026-08-20T19:15:00+02:00,2026-08-20,Thursday,19:15,Disneyland Park,Main Street U.S.A,Main Street Vehicles,CLOSED,0,,,2026-08-20T17:10:03.000Z,12,
2026-08-20T19:15:00+02:00,2026-08-20,Thursday,19:15,Disney Adventure World,Marvel Avengers Campus,Avengers Assemble: Flight Force,OPEN,25,20,OPEN,2026-08-20T17:10:03.000Z,10848,10849
2026-08-20T19:15:00+02:00,2026-08-20,Thursday,19:15,Disney Adventure World,Marvel Avengers Campus,Spider-Man W.E.B. Adventure,OPEN,60,40,OPEN,2026-08-20T17:10:03.000Z,10845,10846
2026-08-20T19:15:00+02:00,2026-08-20,Thursday,19:15,Disney Adventure World,Production Courtyard,The Twilight Zone Tower of Terror,OPEN,40,,,2026-08-20T17:10:03.000Z,40,
2026-08-20T19:15:00+02:00,2026-08-20,Thursday,19:15,Disney Adventure World,Toon Studio,Cars Quatre Roues Rallye,OPEN,25,,,2026-08-20T17:10:03.000Z,31,
2026-08-20T19:15:00+02:00,2026-08-20,Thursday,19:15,Disney Adventure World,Toon Studio,Cars ROAD TRIP,OPEN,30,,,2026-08-20T17:10:03.000Z,29,
2026-08-20T19:15:00+02:00,2026-08-20,Thursday,19:15,Disney Adventure World,Toon Studio,Crush's Coaster,OPEN,85,60,OPEN,2026-08-20T17:10:03.000Z,32,7277
2026-08-20T19:15:00+02:00,2026-08-20,Thursday,19:15,Disney Adventure World,Toon Studio,Les Tapis Volants - Flying Carpets Over Agrabah®,OPEN,40,,,2026-08-20T17:10:03.000Z,33,
2026-08-20T19:15:00+02:00,2026-08-20,Thursday,19:15,Disney Adventure World,Toon Studio,Ratatouille : L’Aventure Totalement Toquée de Rémy​,OPEN,50,20,OPEN,2026-08-20T17:10:03.000Z,37,7279
2026-08-20T19:15:00+02:00,2026-08-20,Thursday,19:15,Disney Adventure World,Toon Studio,RC Racer,OPEN,50,45,OPEN,2026-08-20T17:10:03.000Z,34,7280
2026-08-20T19:15:00+02:00,2026-08-20,Thursday,19:15,Disney Adventure World,Toon Studio,Slinky® Dog Zigzag Spin,OPEN,20,,,2026-08-20T17:10:03.000Z,36,
2026-08-20T19:15:00+02:00,2026-08-20,Thursday,19:15,Disney Adventure World,Toon Studio,Toy Soldiers Parachute Drop,OPEN,55,25,OPEN,2026-08-20T17:10:03.000Z,35,7281
2026-08-20T19:15:00+02:00,2026-08-20,Thursday,19:15,Disney Adventure World,World of Frozen,Entry to World of Frozen,OPEN,0,,,2026-08-20T17:10:03.000Z,16247,
2026-08-20T19:15:00+02:00,2026-08-20,Thursday,19:15,Disney Adventure World,World of Frozen,Frozen Ever After,OPEN,70,,,2026-08-20T17:10:03.000Z,15413,
2026-08-20T19:15:00+02:00,2026-08-20,Thursday,19:15,Disney Adventure World,World of Frozen,Raiponce Tangled Spin,OPEN,5,,,2026-08-20T17:10:03.000Z,15415,
2026-08-20T19:30:00+02:00,2026-08-20,Thursday,19:30,Disneyland Park,Adventureland,Adventure Isle,OPEN,0,,,2026-08-20T17:25:03.000Z,2702,
2026-08-20T19:30:00+02:00,2026-08-20,Thursday,19:30,Disneyland Park,Adventureland,Indiana Jones™ and the Temple of Peril,OPEN,15,10,OPEN,2026-08-20T17:25:03.000Z,2,7306
2026-08-20T19:30:00+02:00,2026-08-20,Thursday,19:30,Disneyland Park,Adventureland,La Cabane des Robinson,OPEN,5,,,2026-08-20T17:25:03.000Z,1,
2026-08-20T19:30:00+02:00,2026-08-20,Thursday,19:30,Disneyland Park,Adventureland,Le Passage Enchanté d'Aladdin,OPEN,0,,,2026-08-20T17:25:03.000Z,2703,
2026-08-20T19:30:00+02:00,2026-08-20,Thursday,19:30,Disneyland Park,Adventureland,Pirate Galleon,CLOSED,0,,,2026-08-20T17:25:03.000Z,2705,
2026-08-20T19:30:00+02:00,2026-08-20,Thursday,19:30,Disneyland Park,Adventureland,Pirates of the Caribbean,OPEN,15,,,2026-08-20T17:25:03.000Z,3,
2026-08-20T19:30:00+02:00,2026-08-20,Thursday,19:30,Disneyland Park,Adventureland,Pirates' Beach,OPEN,0,,,2026-08-20T17:25:03.000Z,2704,
2026-08-20T19:30:00+02:00,2026-08-20,Thursday,19:30,Disneyland Park,Discoveryland,"Autopia, presented by Avis",OPEN,30,,,2026-08-20T17:25:03.000Z,4,
2026-08-20T19:30:00+02:00,2026-08-20,Thursday,19:30,Disneyland Park,Discoveryland,Buzz Lightyear Laser Blast,OPEN,40,,,2026-08-20T17:25:03.000Z,5,
2026-08-20T19:30:00+02:00,2026-08-20,Thursday,19:30,Disneyland Park,Discoveryland,Disneyland Railroad Discoveryland Station,CLOSED,0,,,2026-08-20T17:25:03.000Z,2706,
2026-08-20T19:30:00+02:00,2026-08-20,Thursday,19:30,Disneyland Park,Discoveryland,Les Mystères du Nautilus,OPEN,5,,,2026-08-20T17:25:03.000Z,6,
2026-08-20T19:30:00+02:00,2026-08-20,Thursday,19:30,Disneyland Park,Discoveryland,Mickey’s PhilharMagic,CLOSED,0,,,2026-08-20T17:25:03.000Z,2707,
2026-08-20T19:30:00+02:00,2026-08-20,Thursday,19:30,Disneyland Park,Discoveryland,Orbitron®,OPEN,50,,,2026-08-20T17:25:03.000Z,7,
2026-08-20T19:30:00+02:00,2026-08-20,Thursday,19:30,Disneyland Park,Discoveryland,Star Tours: The Adventures Continue*,OPEN,5,,,2026-08-20T17:25:03.000Z,9,
2026-08-20T19:30:00+02:00,2026-08-20,Thursday,19:30,Disneyland Park,Discoveryland,Star Wars Hyperspace Mountain,OPEN,25,15,OPEN,2026-08-20T17:25:03.000Z,8,7278
2026-08-20T19:30:00+02:00,2026-08-20,Thursday,19:30,Disneyland Park,Discoveryland,Welcome to Starport: A Star Wars Encounter,CLOSED,0,,,2026-08-20T17:25:03.000Z,4573,
2026-08-20T19:30:00+02:00,2026-08-20,Thursday,19:30,Disneyland Park,Fantasyland,"""it's a small world""",OPEN,5,,,2026-08-20T17:25:03.000Z,19,
2026-08-20T19:30:00+02:00,2026-08-20,Thursday,19:30,Disneyland Park,Fantasyland,Alice's Curious Labyrinth,OPEN,5,,,2026-08-20T17:25:03.000Z,14,
2026-08-20T19:30:00+02:00,2026-08-20,Thursday,19:30,Disneyland Park,Fantasyland,Blanche-Neige et les Sept Nains®,OPEN,30,,,2026-08-20T17:25:03.000Z,15,
2026-08-20T19:30:00+02:00,2026-08-20,Thursday,19:30,Disneyland Park,Fantasyland,Casey Jr. – le Petit Train du Cirque,OPEN,20,,,2026-08-20T17:25:03.000Z,17,
2026-08-20T19:30:00+02:00,2026-08-20,Thursday,19:30,Disneyland Park,Fantasyland,Disneyland Railroad Fantasyland Station,CLOSED,0,,,2026-08-20T17:25:03.000Z,2711,
2026-08-20T19:30:00+02:00,2026-08-20,Thursday,19:30,Disneyland Park,Fantasyland,Disneyland Railroad Main Street Station,OPEN,20,,,2026-08-20T17:25:03.000Z,11,
2026-08-20T19:30:00+02:00,2026-08-20,Thursday,19:30,Disneyland Park,Fantasyland,Dumbo the Flying Elephant,CLOSED,0,,,2026-08-20T17:25:03.000Z,18,
2026-08-20T19:30:00+02:00,2026-08-20,Thursday,19:30,Disneyland Park,Fantasyland,La Tanière du Dragon,OPEN,0,,,2026-08-20T17:25:03.000Z,2710,
2026-08-20T19:30:00+02:00,2026-08-20,Thursday,19:30,Disneyland Park,Fantasyland,Le Carrousel de Lancelot,OPEN,15,,,2026-08-20T17:25:03.000Z,16,
2026-08-20T19:30:00+02:00,2026-08-20,Thursday,19:30,Disneyland Park,Fantasyland,"Le Pays des Contes de Fées, presented by Vittel",OPEN,5,,,2026-08-20T17:25:03.000Z,21,
2026-08-20T19:30:00+02:00,2026-08-20,Thursday,19:30,Disneyland Park,Fantasyland,Les Voyages de Pinocchio,OPEN,25,,,2026-08-20T17:25:03.000Z,23,
2026-08-20T19:30:00+02:00,2026-08-20,Thursday,19:30,Disneyland Park,Fantasyland,Mad Hatter's Tea Cups,OPEN,5,,,2026-08-20T17:25:03.000Z,20,
2026-08-20T19:30:00+02:00,2026-08-20,Thursday,19:30,Disneyland Park,Fantasyland,Meet Mickey Mouse,CLOSED,0,,,2026-08-20T17:25:03.000Z,13,
2026-08-20T19:30:00+02:00,2026-08-20,Thursday,19:30,Disneyland Park,Fantasyland,Peter Pan's Flight,OPEN,65,,,2026-08-20T17:25:03.000Z,22,
2026-08-20T19:30:00+02:00,2026-08-20,Thursday,19:30,Disneyland Park,Fantasyland,Princess Pavilion,CLOSED,0,,,2026-08-20T17:25:03.000Z,24,
2026-08-20T19:30:00+02:00,2026-08-20,Thursday,19:30,Disneyland Park,Frontierland,Big Thunder Mountain,OPEN,75,,,2026-08-20T17:25:03.000Z,25,
2026-08-20T19:30:00+02:00,2026-08-20,Thursday,19:30,Disneyland Park,Frontierland,Disneyland Railroad Frontierland Depot,OPEN,20,,,2026-08-20T17:25:03.000Z,2714,
2026-08-20T19:30:00+02:00,2026-08-20,Thursday,19:30,Disneyland Park,Frontierland,Frontierland Playground,OPEN,0,,,2026-08-20T17:25:03.000Z,2713,
2026-08-20T19:30:00+02:00,2026-08-20,Thursday,19:30,Disneyland Park,Frontierland,Phantom Manor,OPEN,10,,,2026-08-20T17:25:03.000Z,26,
2026-08-20T19:30:00+02:00,2026-08-20,Thursday,19:30,Disneyland Park,Frontierland,River Rogue Keelboats,CLOSED,0,,,2026-08-20T17:25:03.000Z,27,
2026-08-20T19:30:00+02:00,2026-08-20,Thursday,19:30,Disneyland Park,Frontierland,Rustler Roundup Shootin' Gallery,OPEN,0,,,2026-08-20T17:25:03.000Z,2712,
2026-08-20T19:30:00+02:00,2026-08-20,Thursday,19:30,Disneyland Park,Frontierland,Thunder Mesa Riverboat Landing,CLOSED,0,,,2026-08-20T17:25:03.000Z,28,
2026-08-20T19:30:00+02:00,2026-08-20,Thursday,19:30,Disneyland Park,Main Street U.S.A,Disneyland Railroad Main Street Station,OPEN,0,,,2026-08-20T17:25:03.000Z,2708,
2026-08-20T19:30:00+02:00,2026-08-20,Thursday,19:30,Disneyland Park,Main Street U.S.A,Main Street Vehicles,CLOSED,0,,,2026-08-20T17:25:03.000Z,12,
2026-08-20T19:30:00+02:00,2026-08-20,Thursday,19:30,Disney Adventure World,Marvel Avengers Campus,Avengers Assemble: Flight Force,OPEN,25,20,OPEN,2026-08-20T17:25:03.000Z,10848,10849
2026-08-20T19:30:00+02:00,2026-08-20,Thursday,19:30,Disney Adventure World,Marvel Avengers Campus,Spider-Man W.E.B. Adventure,OPEN,50,20,OPEN,2026-08-20T17:25:03.000Z,10845,10846
2026-08-20T19:30:00+02:00,2026-08-20,Thursday,19:30,Disney Adventure World,Production Courtyard,The Twilight Zone Tower of Terror,OPEN,15,,,2026-08-20T17:25:03.000Z,40,
2026-08-20T19:30:00+02:00,2026-08-20,Thursday,19:30,Disney Adventure World,Toon Studio,Cars Quatre Roues Rallye,OPEN,30,,,2026-08-20T17:25:03.000Z,31,
2026-08-20T19:30:00+02:00,2026-08-20,Thursday,19:30,Disney Adventure World,Toon Studio,Cars ROAD TRIP,OPEN,25,,,2026-08-20T17:25:03.000Z,29,
2026-08-20T19:30:00+02:00,2026-08-20,Thursday,19:30,Disney Adventure World,Toon Studio,Crush's Coaster,OPEN,65,55,OPEN,2026-08-20T17:25:03.000Z,32,7277
2026-08-20T19:30:00+02:00,2026-08-20,Thursday,19:30,Disney Adventure World,Toon Studio,Les Tapis Volants - Flying Carpets Over Agrabah®,OPEN,30,,,2026-08-20T17:25:03.000Z,33,
2026-08-20T19:30:00+02:00,2026-08-20,Thursday,19:30,Disney Adventure World,Toon Studio,Ratatouille : L’Aventure Totalement Toquée de Rémy​,OPEN,50,25,OPEN,2026-08-20T17:25:03.000Z,37,7279
2026-08-20T19:30:00+02:00,2026-08-20,Thursday,19:30,Disney Adventure World,Toon Studio,RC Racer,OPEN,55,50,OPEN,2026-08-20T17:25:03.000Z,34,7280
2026-08-20T19:30:00+02:00,2026-08-20,Thursday,19:30,Disney Adventure World,Toon Studio,Slinky® Dog Zigzag Spin,OPEN,15,,,2026-08-20T17:25:03.000Z,36,
2026-08-20T19:30:00+02:00,2026-08-20,Thursday,19:30,Disney Adventure World,Toon Studio,Toy Soldiers Parachute Drop,OPEN,50,15,OPEN,2026-08-20T17:25:03.000Z,35,7281
2026-08-20T19:30:00+02:00,2026-08-20,Thursday,19:30,Disney Adventure World,World of Frozen,Entry to World of Frozen,OPEN,0,,,2026-08-20T17:25:03.000Z,16247,
2026-08-20T19:30:00+02:00,2026-08-20,Thursday,19:30,Disney Adventure World,World of Frozen,Frozen Ever After,OPEN,60,,,2026-08-20T17:25:03.000Z,15413,
2026-08-20T19:30:00+02:00,2026-08-20,Thursday,19:30,Disney Adventure World,World of Frozen,Raiponce Tangled Spin,OPEN,20,,,2026-08-20T17:25:03.000Z,15415,
2026-08-20T20:00:00+02:00,2026-08-20,Thursday,20:00,Disneyland Park,Adventureland,Adventure Isle,OPEN,0,,,2026-08-20T18:00:06.000Z,2702,
2026-08-20T20:00:00+02:00,2026-08-20,Thursday,20:00,Disneyland Park,Adventureland,Indiana Jones™ and the Temple of Peril,OPEN,10,5,OPEN,2026-08-20T18:00:06.000Z,2,7306
2026-08-20T20:00:00+02:00,2026-08-20,Thursday,20:00,Disneyland Park,Adventureland,La Cabane des Robinson,OPEN,5,,,2026-08-20T18:00:06.000Z,1,
2026-08-20T20:00:00+02:00,2026-08-20,Thursday,20:00,Disneyland Park,Adventureland,Le Passage Enchanté d'Aladdin,OPEN,0,,,2026-08-20T18:00:06.000Z,2703,
2026-08-20T20:00:00+02:00,2026-08-20,Thursday,20:00,Disneyland Park,Adventureland,Pirate Galleon,CLOSED,0,,,2026-08-20T18:00:06.000Z,2705,
2026-08-20T20:00:00+02:00,2026-08-20,Thursday,20:00,Disneyland Park,Adventureland,Pirates of the Caribbean,OPEN,15,,,2026-08-20T18:00:06.000Z,3,
2026-08-20T20:00:00+02:00,2026-08-20,Thursday,20:00,Disneyland Park,Adventureland,Pirates' Beach,OPEN,0,,,2026-08-20T18:00:06.000Z,2704,
2026-08-20T20:00:00+02:00,2026-08-20,Thursday,20:00,Disneyland Park,Discoveryland,"Autopia, presented by Avis",OPEN,40,,,2026-08-20T18:00:06.000Z,4,
2026-08-20T20:00:00+02:00,2026-08-20,Thursday,20:00,Disneyland Park,Discoveryland,Buzz Lightyear Laser Blast,OPEN,45,,,2026-08-20T18:00:06.000Z,5,
2026-08-20T20:00:00+02:00,2026-08-20,Thursday,20:00,Disneyland Park,Discoveryland,Disneyland Railroad Discoveryland Station,CLOSED,0,,,2026-08-20T18:00:06.000Z,2706,
2026-08-20T20:00:00+02:00,2026-08-20,Thursday,20:00,Disneyland Park,Discoveryland,Les Mystères du Nautilus,OPEN,5,,,2026-08-20T18:00:06.000Z,6,
2026-08-20T20:00:00+02:00,2026-08-20,Thursday,20:00,Disneyland Park,Discoveryland,Mickey’s PhilharMagic,CLOSED,0,,,2026-08-20T18:00:06.000Z,2707,
2026-08-20T20:00:00+02:00,2026-08-20,Thursday,20:00,Disneyland Park,Discoveryland,Orbitron®,OPEN,45,,,2026-08-20T18:00:06.000Z,7,
2026-08-20T20:00:00+02:00,2026-08-20,Thursday,20:00,Disneyland Park,Discoveryland,Star Tours: The Adventures Continue*,OPEN,15,,,2026-08-20T18:00:06.000Z,9,
2026-08-20T20:00:00+02:00,2026-08-20,Thursday,20:00,Disneyland Park,Discoveryland,Star Wars Hyperspace Mountain,OPEN,25,20,OPEN,2026-08-20T18:00:06.000Z,8,7278
2026-08-20T20:00:00+02:00,2026-08-20,Thursday,20:00,Disneyland Park,Discoveryland,Welcome to Starport: A Star Wars Encounter,CLOSED,0,,,2026-08-20T18:00:06.000Z,4573,
2026-08-20T20:00:00+02:00,2026-08-20,Thursday,20:00,Disneyland Park,Fantasyland,"""it's a small world""",OPEN,5,,,2026-08-20T18:00:06.000Z,19,
2026-08-20T20:00:00+02:00,2026-08-20,Thursday,20:00,Disneyland Park,Fantasyland,Alice's Curious Labyrinth,OPEN,5,,,2026-08-20T18:00:06.000Z,14,
2026-08-20T20:00:00+02:00,2026-08-20,Thursday,20:00,Disneyland Park,Fantasyland,Blanche-Neige et les Sept Nains®,OPEN,15,,,2026-08-20T18:00:06.000Z,15,
2026-08-20T20:00:00+02:00,2026-08-20,Thursday,20:00,Disneyland Park,Fantasyland,Casey Jr. – le Petit Train du Cirque,OPEN,10,,,2026-08-20T18:00:06.000Z,17,
2026-08-20T20:00:00+02:00,2026-08-20,Thursday,20:00,Disneyland Park,Fantasyland,Disneyland Railroad Fantasyland Station,CLOSED,0,,,2026-08-20T18:00:06.000Z,2711,
2026-08-20T20:00:00+02:00,2026-08-20,Thursday,20:00,Disneyland Park,Fantasyland,Disneyland Railroad Main Street Station,CLOSED,0,,,2026-08-20T18:00:06.000Z,11,
2026-08-20T20:00:00+02:00,2026-08-20,Thursday,20:00,Disneyland Park,Fantasyland,Dumbo the Flying Elephant,CLOSED,0,,,2026-08-20T18:00:06.000Z,18,
2026-08-20T20:00:00+02:00,2026-08-20,Thursday,20:00,Disneyland Park,Fantasyland,La Tanière du Dragon,OPEN,0,,,2026-08-20T18:00:06.000Z,2710,
2026-08-20T20:00:00+02:00,2026-08-20,Thursday,20:00,Disneyland Park,Fantasyland,Le Carrousel de Lancelot,OPEN,15,,,2026-08-20T18:00:06.000Z,16,
2026-08-20T20:00:00+02:00,2026-08-20,Thursday,20:00,Disneyland Park,Fantasyland,"Le Pays des Contes de Fées, presented by Vittel",OPEN,5,,,2026-08-20T18:00:06.000Z,21,
2026-08-20T20:00:00+02:00,2026-08-20,Thursday,20:00,Disneyland Park,Fantasyland,Les Voyages de Pinocchio,OPEN,25,,,2026-08-20T18:00:06.000Z,23,
2026-08-20T20:00:00+02:00,2026-08-20,Thursday,20:00,Disneyland Park,Fantasyland,Mad Hatter's Tea Cups,OPEN,5,,,2026-08-20T18:00:06.000Z,20,
2026-08-20T20:00:00+02:00,2026-08-20,Thursday,20:00,Disneyland Park,Fantasyland,Meet Mickey Mouse,CLOSED,0,,,2026-08-20T18:00:06.000Z,13,
2026-08-20T20:00:00+02:00,2026-08-20,Thursday,20:00,Disneyland Park,Fantasyland,Peter Pan's Flight,OPEN,60,,,2026-08-20T18:00:06.000Z,22,
2026-08-20T20:00:00+02:00,2026-08-20,Thursday,20:00,Disneyland Park,Fantasyland,Princess Pavilion,CLOSED,0,,,2026-08-20T18:00:06.000Z,24,
2026-08-20T20:00:00+02:00,2026-08-20,Thursday,20:00,Disneyland Park,Frontierland,Big Thunder Mountain,OPEN,50,,,2026-08-20T18:00:06.000Z,25,
2026-08-20T20:00:00+02:00,2026-08-20,Thursday,20:00,Disneyland Park,Frontierland,Disneyland Railroad Frontierland Depot,CLOSED,0,,,2026-08-20T18:00:06.000Z,2714,
2026-08-20T20:00:00+02:00,2026-08-20,Thursday,20:00,Disneyland Park,Frontierland,Frontierland Playground,OPEN,0,,,2026-08-20T18:00:06.000Z,2713,
2026-08-20T20:00:00+02:00,2026-08-20,Thursday,20:00,Disneyland Park,Frontierland,Phantom Manor,OPEN,10,,,2026-08-20T18:00:06.000Z,26,
2026-08-20T20:00:00+02:00,2026-08-20,Thursday,20:00,Disneyland Park,Frontierland,River Rogue Keelboats,CLOSED,0,,,2026-08-20T18:00:06.000Z,27,
2026-08-20T20:00:00+02:00,2026-08-20,Thursday,20:00,Disneyland Park,Frontierland,Rustler Roundup Shootin' Gallery,OPEN,0,,,2026-08-20T18:00:06.000Z,2712,
2026-08-20T20:00:00+02:00,2026-08-20,Thursday,20:00,Disneyland Park,Frontierland,Thunder Mesa Riverboat Landing,CLOSED,0,,,2026-08-20T18:00:06.000Z,28,
2026-08-20T20:00:00+02:00,2026-08-20,Thursday,20:00,Disneyland Park,Main Street U.S.A,Disneyland Railroad Main Street Station,CLOSED,0,,,2026-08-20T18:00:06.000Z,2708,
2026-08-20T20:00:00+02:00,2026-08-20,Thursday,20:00,Disneyland Park,Main Street U.S.A,Main Street Vehicles,CLOSED,0,,,2026-08-20T18:00:06.000Z,12,
2026-08-20T20:00:00+02:00,2026-08-20,Thursday,20:00,Disney Adventure World,Marvel Avengers Campus,Avengers Assemble: Flight Force,OPEN,20,15,OPEN,2026-08-20T18:00:06.000Z,10848,10849
2026-08-20T20:00:00+02:00,2026-08-20,Thursday,20:00,Disney Adventure World,Marvel Avengers Campus,Spider-Man W.E.B. Adventure,OPEN,60,30,OPEN,2026-08-20T18:00:06.000Z,10845,10846
2026-08-20T20:00:00+02:00,2026-08-20,Thursday,20:00,Disney Adventure World,Production Courtyard,The Twilight Zone Tower of Terror,OPEN,30,,,2026-08-20T18:00:06.000Z,40,
2026-08-20T20:00:00+02:00,2026-08-20,Thursday,20:00,Disney Adventure World,Toon Studio,Cars Quatre Roues Rallye,OPEN,10,,,2026-08-20T18:00:06.000Z,31,
2026-08-20T20:00:00+02:00,2026-08-20,Thursday,20:00,Disney Adventure World,Toon Studio,Cars ROAD TRIP,OPEN,5,,,2026-08-20T18:00:06.000Z,29,
2026-08-20T20:00:00+02:00,2026-08-20,Thursday,20:00,Disney Adventure World,Toon Studio,Crush's Coaster,OPEN,90,45,OPEN,2026-08-20T18:00:06.000Z,32,7277
2026-08-20T20:00:00+02:00,2026-08-20,Thursday,20:00,Disney Adventure World,Toon Studio,Les Tapis Volants - Flying Carpets Over Agrabah®,OPEN,10,,,2026-08-20T18:00:06.000Z,33,
2026-08-20T20:00:00+02:00,2026-08-20,Thursday,20:00,Disney Adventure World,Toon Studio,Ratatouille : L’Aventure Totalement Toquée de Rémy​,OPEN,40,20,OPEN,2026-08-20T18:00:06.000Z,37,7279
2026-08-20T20:00:00+02:00,2026-08-20,Thursday,20:00,Disney Adventure World,Toon Studio,RC Racer,OPEN,25,10,OPEN,2026-08-20T18:00:06.000Z,34,7280
2026-08-20T20:00:00+02:00,2026-08-20,Thursday,20:00,Disney Adventure World,Toon Studio,Slinky® Dog Zigzag Spin,OPEN,10,,,2026-08-20T18:00:06.000Z,36,
2026-08-20T20:00:00+02:00,2026-08-20,Thursday,20:00,Disney Adventure World,Toon Studio,Toy Soldiers Parachute Drop,OPEN,50,35,OPEN,2026-08-20T18:00:06.000Z,35,7281
2026-08-20T20:00:00+02:00,2026-08-20,Thursday,20:00,Disney Adventure World,World of Frozen,Entry to World of Frozen,OPEN,0,,,2026-08-20T18:00:06.000Z,16247,
2026-08-20T20:00:00+02:00,2026-08-20,Thursday,20:00,Disney Adventure World,World of Frozen,Frozen Ever After,OPEN,65,,,2026-08-20T18:00:06.000Z,15413,
2026-08-20T20:00:00+02:00,2026-08-20,Thursday,20:00,Disney Adventure World,World of Frozen,Raiponce Tangled Spin,OPEN,5,,,2026-08-20T18:00:06.000Z,15415,
2026-08-20T20:45:00+02:00,2026-08-20,Thursday,20:45,Disneyland Park,Adventureland,Adventure Isle,OPEN,0,,,2026-08-20T18:40:04.000Z,2702,
2026-08-20T20:45:00+02:00,2026-08-20,Thursday,20:45,Disneyland Park,Adventureland,Indiana Jones™ and the Temple of Peril,OPEN,10,5,OPEN,2026-08-20T18:40:04.000Z,2,7306
2026-08-20T20:45:00+02:00,2026-08-20,Thursday,20:45,Disneyland Park,Adventureland,La Cabane des Robinson,OPEN,5,,,2026-08-20T18:40:04.000Z,1,
2026-08-20T20:45:00+02:00,2026-08-20,Thursday,20:45,Disneyland Park,Adventureland,Le Passage Enchanté d'Aladdin,OPEN,0,,,2026-08-20T18:40:04.000Z,2703,
2026-08-20T20:45:00+02:00,2026-08-20,Thursday,20:45,Disneyland Park,Adventureland,Pirate Galleon,CLOSED,0,,,2026-08-20T18:40:04.000Z,2705,
2026-08-20T20:45:00+02:00,2026-08-20,Thursday,20:45,Disneyland Park,Adventureland,Pirates of the Caribbean,OPEN,20,,,2026-08-20T18:40:04.000Z,3,
2026-08-20T20:45:00+02:00,2026-08-20,Thursday,20:45,Disneyland Park,Adventureland,Pirates' Beach,OPEN,0,,,2026-08-20T18:40:04.000Z,2704,
2026-08-20T20:45:00+02:00,2026-08-20,Thursday,20:45,Disneyland Park,Discoveryland,"Autopia, presented by Avis",OPEN,60,,,2026-08-20T18:40:04.000Z,4,
2026-08-20T20:45:00+02:00,2026-08-20,Thursday,20:45,Disneyland Park,Discoveryland,Buzz Lightyear Laser Blast,OPEN,40,,,2026-08-20T18:40:04.000Z,5,
2026-08-20T20:45:00+02:00,2026-08-20,Thursday,20:45,Disneyland Park,Discoveryland,Disneyland Railroad Discoveryland Station,CLOSED,0,,,2026-08-20T18:40:04.000Z,2706,
2026-08-20T20:45:00+02:00,2026-08-20,Thursday,20:45,Disneyland Park,Discoveryland,Les Mystères du Nautilus,OPEN,5,,,2026-08-20T18:40:04.000Z,6,
2026-08-20T20:45:00+02:00,2026-08-20,Thursday,20:45,Disneyland Park,Discoveryland,Mickey’s PhilharMagic,CLOSED,0,,,2026-08-20T18:40:04.000Z,2707,
2026-08-20T20:45:00+02:00,2026-08-20,Thursday,20:45,Disneyland Park,Discoveryland,Orbitron®,OPEN,50,,,2026-08-20T18:40:04.000Z,7,
2026-08-20T20:45:00+02:00,2026-08-20,Thursday,20:45,Disneyland Park,Discoveryland,Star Tours: The Adventures Continue*,OPEN,10,,,2026-08-20T18:40:04.000Z,9,
2026-08-20T20:45:00+02:00,2026-08-20,Thursday,20:45,Disneyland Park,Discoveryland,Star Wars Hyperspace Mountain,OPEN,20,15,OPEN,2026-08-20T18:40:04.000Z,8,7278
2026-08-20T20:45:00+02:00,2026-08-20,Thursday,20:45,Disneyland Park,Discoveryland,Welcome to Starport: A Star Wars Encounter,CLOSED,0,,,2026-08-20T18:40:04.000Z,4573,
2026-08-20T20:45:00+02:00,2026-08-20,Thursday,20:45,Disneyland Park,Fantasyland,"""it's a small world""",OPEN,5,,,2026-08-20T18:40:04.000Z,19,
2026-08-20T20:45:00+02:00,2026-08-20,Thursday,20:45,Disneyland Park,Fantasyland,Alice's Curious Labyrinth,OPEN,5,,,2026-08-20T18:40:04.000Z,14,
2026-08-20T20:45:00+02:00,2026-08-20,Thursday,20:45,Disneyland Park,Fantasyland,Blanche-Neige et les Sept Nains®,OPEN,15,,,2026-08-20T18:40:04.000Z,15,
2026-08-20T20:45:00+02:00,2026-08-20,Thursday,20:45,Disneyland Park,Fantasyland,Casey Jr. – le Petit Train du Cirque,OPEN,10,,,2026-08-20T18:40:04.000Z,17,
2026-08-20T20:45:00+02:00,2026-08-20,Thursday,20:45,Disneyland Park,Fantasyland,Disneyland Railroad Fantasyland Station,CLOSED,0,,,2026-08-20T18:40:04.000Z,2711,
2026-08-20T20:45:00+02:00,2026-08-20,Thursday,20:45,Disneyland Park,Fantasyland,Disneyland Railroad Main Street Station,CLOSED,0,,,2026-08-20T18:40:04.000Z,11,
2026-08-20T20:45:00+02:00,2026-08-20,Thursday,20:45,Disneyland Park,Fantasyland,Dumbo the Flying Elephant,CLOSED,0,,,2026-08-20T18:40:04.000Z,18,
2026-08-20T20:45:00+02:00,2026-08-20,Thursday,20:45,Disneyland Park,Fantasyland,La Tanière du Dragon,CLOSED,0,,,2026-08-20T18:40:04.000Z,2710,
2026-08-20T20:45:00+02:00,2026-08-20,Thursday,20:45,Disneyland Park,Fantasyland,Le Carrousel de Lancelot,OPEN,15,,,2026-08-20T18:40:04.000Z,16,
2026-08-20T20:45:00+02:00,2026-08-20,Thursday,20:45,Disneyland Park,Fantasyland,"Le Pays des Contes de Fées, presented by Vittel",OPEN,5,,,2026-08-20T18:40:04.000Z,21,
2026-08-20T20:45:00+02:00,2026-08-20,Thursday,20:45,Disneyland Park,Fantasyland,Les Voyages de Pinocchio,OPEN,25,,,2026-08-20T18:40:04.000Z,23,
2026-08-20T20:45:00+02:00,2026-08-20,Thursday,20:45,Disneyland Park,Fantasyland,Mad Hatter's Tea Cups,OPEN,5,,,2026-08-20T18:40:04.000Z,20,
2026-08-20T20:45:00+02:00,2026-08-20,Thursday,20:45,Disneyland Park,Fantasyland,Meet Mickey Mouse,CLOSED,0,,,2026-08-20T18:40:04.000Z,13,
2026-08-20T20:45:00+02:00,2026-08-20,Thursday,20:45,Disneyland Park,Fantasyland,Peter Pan's Flight,OPEN,55,,,2026-08-20T18:40:04.000Z,22,
2026-08-20T20:45:00+02:00,2026-08-20,Thursday,20:45,Disneyland Park,Fantasyland,Princess Pavilion,CLOSED,0,,,2026-08-20T18:40:04.000Z,24,
2026-08-20T20:45:00+02:00,2026-08-20,Thursday,20:45,Disneyland Park,Frontierland,Big Thunder Mountain,CLOSED,0,,,2026-08-20T18:40:04.000Z,25,
2026-08-20T20:45:00+02:00,2026-08-20,Thursday,20:45,Disneyland Park,Frontierland,Disneyland Railroad Frontierland Depot,CLOSED,0,,,2026-08-20T18:40:04.000Z,2714,
2026-08-20T20:45:00+02:00,2026-08-20,Thursday,20:45,Disneyland Park,Frontierland,Frontierland Playground,CLOSED,0,,,2026-08-20T18:40:04.000Z,2713,
2026-08-20T20:45:00+02:00,2026-08-20,Thursday,20:45,Disneyland Park,Frontierland,Phantom Manor,OPEN,10,,,2026-08-20T18:40:04.000Z,26,
2026-08-20T20:45:00+02:00,2026-08-20,Thursday,20:45,Disneyland Park,Frontierland,River Rogue Keelboats,CLOSED,0,,,2026-08-20T18:40:04.000Z,27,
2026-08-20T20:45:00+02:00,2026-08-20,Thursday,20:45,Disneyland Park,Frontierland,Rustler Roundup Shootin' Gallery,OPEN,0,,,2026-08-20T18:40:04.000Z,2712,
2026-08-20T20:45:00+02:00,2026-08-20,Thursday,20:45,Disneyland Park,Frontierland,Thunder Mesa Riverboat Landing,CLOSED,0,,,2026-08-20T18:40:04.000Z,28,
2026-08-20T20:45:00+02:00,2026-08-20,Thursday,20:45,Disneyland Park,Main Street U.S.A,Disneyland Railroad Main Street Station,CLOSED,0,,,2026-08-20T18:40:04.000Z,2708,
2026-08-20T20:45:00+02:00,2026-08-20,Thursday,20:45,Disneyland Park,Main Street U.S.A,Main Street Vehicles,CLOSED,0,,,2026-08-20T18:40:04.000Z,12,
2026-08-20T20:45:00+02:00,2026-08-20,Thursday,20:45,Disney Adventure World,Marvel Avengers Campus,Avengers Assemble: Flight Force,OPEN,10,5,OPEN,2026-08-20T18:40:04.000Z,10848,10849
2026-08-20T20:45:00+02:00,2026-08-20,Thursday,20:45,Disney Adventure World,Marvel Avengers Campus,Spider-Man W.E.B. Adventure,OPEN,55,35,OPEN,2026-08-20T18:40:04.000Z,10845,10846
2026-08-20T20:45:00+02:00,2026-08-20,Thursday,20:45,Disney Adventure World,Production Courtyard,The Twilight Zone Tower of Terror,OPEN,30,,,2026-08-20T18:40:04.000Z,40,
2026-08-20T20:45:00+02:00,2026-08-20,Thursday,20:45,Disney Adventure World,Toon Studio,Cars Quatre Roues Rallye,OPEN,5,,,2026-08-20T18:40:04.000Z,31,
2026-08-20T20:45:00+02:00,2026-08-20,Thursday,20:45,Disney Adventure World,Toon Studio,Cars ROAD TRIP,CLOSED,0,,,2026-08-20T18:40:04.000Z,29,
2026-08-20T20:45:00+02:00,2026-08-20,Thursday,20:45,Disney Adventure World,Toon Studio,Crush's Coaster,OPEN,70,45,OPEN,2026-08-20T18:40:04.000Z,32,7277
2026-08-20T20:45:00+02:00,2026-08-20,Thursday,20:45,Disney Adventure World,Toon Studio,Les Tapis Volants - Flying Carpets Over Agrabah®,OPEN,10,,,2026-08-20T18:40:04.000Z,33,
2026-08-20T20:45:00+02:00,2026-08-20,Thursday,20:45,Disney Adventure World,Toon Studio,Ratatouille : L’Aventure Totalement Toquée de Rémy​,OPEN,45,10,OPEN,2026-08-20T18:40:04.000Z,37,7279
2026-08-20T20:45:00+02:00,2026-08-20,Thursday,20:45,Disney Adventure World,Toon Studio,RC Racer,OPEN,45,40,OPEN,2026-08-20T18:40:04.000Z,34,7280
2026-08-20T20:45:00+02:00,2026-08-20,Thursday,20:45,Disney Adventure World,Toon Studio,Slinky® Dog Zigzag Spin,OPEN,10,,,2026-08-20T18:40:04.000Z,36,
2026-08-20T20:45:00+02:00,2026-08-20,Thursday,20:45,Disney Adventure World,Toon Studio,Toy Soldiers Parachute Drop,OPEN,35,15,OPEN,2026-08-20T18:40:04.000Z,35,7281
2026-08-20T20:45:00+02:00,2026-08-20,Thursday,20:45,Disney Adventure World,World of Frozen,Entry to World of Frozen,OPEN,0,,,2026-08-20T18:40:04.000Z,16247,
2026-08-20T20:45:00+02:00,2026-08-20,Thursday,20:45,Disney Adventure World,World of Frozen,Frozen Ever After,OPEN,60,,,2026-08-20T18:40:04.000Z,15413,
2026-08-20T20:45:00+02:00,2026-08-20,Thursday,20:45,Disney Adventure World,World of Frozen,Raiponce Tangled Spin,OPEN,5,,,2026-08-20T18:40:04.000Z,15415,
2026-08-20T21:00:00+02:00,2026-08-20,Thursday,21:00,Disneyland Park,Adventureland,Adventure Isle,OPEN,0,,,2026-08-20T18:55:04.000Z,2702,
2026-08-20T21:00:00+02:00,2026-08-20,Thursday,21:00,Disneyland Park,Adventureland,Indiana Jones™ and the Temple of Peril,OPEN,10,5,OPEN,2026-08-20T18:55:04.000Z,2,7306
2026-08-20T21:00:00+02:00,2026-08-20,Thursday,21:00,Disneyland Park,Adventureland,La Cabane des Robinson,OPEN,5,,,2026-08-20T18:55:04.000Z,1,
2026-08-20T21:00:00+02:00,2026-08-20,Thursday,21:00,Disneyland Park,Adventureland,Le Passage Enchanté d'Aladdin,OPEN,0,,,2026-08-20T18:55:04.000Z,2703,
2026-08-20T21:00:00+02:00,2026-08-20,Thursday,21:00,Disneyland Park,Adventureland,Pirate Galleon,CLOSED,0,,,2026-08-20T18:55:04.000Z,2705,
2026-08-20T21:00:00+02:00,2026-08-20,Thursday,21:00,Disneyland Park,Adventureland,Pirates of the Caribbean,OPEN,10,,,2026-08-20T18:55:04.000Z,3,
2026-08-20T21:00:00+02:00,2026-08-20,Thursday,21:00,Disneyland Park,Adventureland,Pirates' Beach,OPEN,0,,,2026-08-20T18:55:04.000Z,2704,
2026-08-20T21:00:00+02:00,2026-08-20,Thursday,21:00,Disneyland Park,Discoveryland,"Autopia, presented by Avis",OPEN,55,,,2026-08-20T18:55:04.000Z,4,
2026-08-20T21:00:00+02:00,2026-08-20,Thursday,21:00,Disneyland Park,Discoveryland,Buzz Lightyear Laser Blast,OPEN,30,,,2026-08-20T18:55:04.000Z,5,
2026-08-20T21:00:00+02:00,2026-08-20,Thursday,21:00,Disneyland Park,Discoveryland,Disneyland Railroad Discoveryland Station,CLOSED,0,,,2026-08-20T18:55:04.000Z,2706,
2026-08-20T21:00:00+02:00,2026-08-20,Thursday,21:00,Disneyland Park,Discoveryland,Les Mystères du Nautilus,OPEN,5,,,2026-08-20T18:55:04.000Z,6,
2026-08-20T21:00:00+02:00,2026-08-20,Thursday,21:00,Disneyland Park,Discoveryland,Mickey’s PhilharMagic,CLOSED,0,,,2026-08-20T18:55:04.000Z,2707,
2026-08-20T21:00:00+02:00,2026-08-20,Thursday,21:00,Disneyland Park,Discoveryland,Orbitron®,OPEN,50,,,2026-08-20T18:55:04.000Z,7,
2026-08-20T21:00:00+02:00,2026-08-20,Thursday,21:00,Disneyland Park,Discoveryland,Star Tours: The Adventures Continue*,OPEN,5,,,2026-08-20T18:55:04.000Z,9,
2026-08-20T21:00:00+02:00,2026-08-20,Thursday,21:00,Disneyland Park,Discoveryland,Star Wars Hyperspace Mountain,OPEN,25,20,OPEN,2026-08-20T18:55:04.000Z,8,7278
2026-08-20T21:00:00+02:00,2026-08-20,Thursday,21:00,Disneyland Park,Discoveryland,Welcome to Starport: A Star Wars Encounter,CLOSED,0,,,2026-08-20T18:55:04.000Z,4573,
2026-08-20T21:00:00+02:00,2026-08-20,Thursday,21:00,Disneyland Park,Fantasyland,"""it's a small world""",OPEN,5,,,2026-08-20T18:55:04.000Z,19,
2026-08-20T21:00:00+02:00,2026-08-20,Thursday,21:00,Disneyland Park,Fantasyland,Alice's Curious Labyrinth,OPEN,5,,,2026-08-20T18:55:04.000Z,14,
2026-08-20T21:00:00+02:00,2026-08-20,Thursday,21:00,Disneyland Park,Fantasyland,Blanche-Neige et les Sept Nains®,CLOSED,0,,,2026-08-20T18:55:04.000Z,15,
2026-08-20T21:00:00+02:00,2026-08-20,Thursday,21:00,Disneyland Park,Fantasyland,Casey Jr. – le Petit Train du Cirque,OPEN,10,,,2026-08-20T18:55:04.000Z,17,
2026-08-20T21:00:00+02:00,2026-08-20,Thursday,21:00,Disneyland Park,Fantasyland,Disneyland Railroad Fantasyland Station,CLOSED,0,,,2026-08-20T18:55:04.000Z,2711,
2026-08-20T21:00:00+02:00,2026-08-20,Thursday,21:00,Disneyland Park,Fantasyland,Disneyland Railroad Main Street Station,CLOSED,0,,,2026-08-20T18:55:04.000Z,11,
2026-08-20T21:00:00+02:00,2026-08-20,Thursday,21:00,Disneyland Park,Fantasyland,Dumbo the Flying Elephant,CLOSED,0,,,2026-08-20T18:55:04.000Z,18,
2026-08-20T21:00:00+02:00,2026-08-20,Thursday,21:00,Disneyland Park,Fantasyland,La Tanière du Dragon,CLOSED,0,,,2026-08-20T18:55:04.000Z,2710,
2026-08-20T21:00:00+02:00,2026-08-20,Thursday,21:00,Disneyland Park,Fantasyland,Le Carrousel de Lancelot,OPEN,15,,,2026-08-20T18:55:04.000Z,16,
2026-08-20T21:00:00+02:00,2026-08-20,Thursday,21:00,Disneyland Park,Fantasyland,"Le Pays des Contes de Fées, presented by Vittel",OPEN,5,,,2026-08-20T18:55:04.000Z,21,
2026-08-20T21:00:00+02:00,2026-08-20,Thursday,21:00,Disneyland Park,Fantasyland,Les Voyages de Pinocchio,OPEN,25,,,2026-08-20T18:55:04.000Z,23,
2026-08-20T21:00:00+02:00,2026-08-20,Thursday,21:00,Disneyland Park,Fantasyland,Mad Hatter's Tea Cups,OPEN,5,,,2026-08-20T18:55:04.000Z,20,
2026-08-20T21:00:00+02:00,2026-08-20,Thursday,21:00,Disneyland Park,Fantasyland,Meet Mickey Mouse,CLOSED,0,,,2026-08-20T18:55:04.000Z,13,
2026-08-20T21:00:00+02:00,2026-08-20,Thursday,21:00,Disneyland Park,Fantasyland,Peter Pan's Flight,OPEN,55,,,2026-08-20T18:55:04.000Z,22,
2026-08-20T21:00:00+02:00,2026-08-20,Thursday,21:00,Disneyland Park,Fantasyland,Princess Pavilion,CLOSED,0,,,2026-08-20T18:55:04.000Z,24,
2026-08-20T21:00:00+02:00,2026-08-20,Thursday,21:00,Disneyland Park,Frontierland,Big Thunder Mountain,CLOSED,0,,,2026-08-20T18:55:04.000Z,25,
2026-08-20T21:00:00+02:00,2026-08-20,Thursday,21:00,Disneyland Park,Frontierland,Disneyland Railroad Frontierland Depot,CLOSED,0,,,2026-08-20T18:55:04.000Z,2714,
2026-08-20T21:00:00+02:00,2026-08-20,Thursday,21:00,Disneyland Park,Frontierland,Frontierland Playground,CLOSED,0,,,2026-08-20T18:55:04.000Z,2713,
2026-08-20T21:00:00+02:00,2026-08-20,Thursday,21:00,Disneyland Park,Frontierland,Phantom Manor,OPEN,10,,,2026-08-20T18:55:04.000Z,26,
2026-08-20T21:00:00+02:00,2026-08-20,Thursday,21:00,Disneyland Park,Frontierland,River Rogue Keelboats,CLOSED,0,,,2026-08-20T18:55:04.000Z,27,
2026-08-20T21:00:00+02:00,2026-08-20,Thursday,21:00,Disneyland Park,Frontierland,Rustler Roundup Shootin' Gallery,OPEN,0,,,2026-08-20T18:55:04.000Z,2712,
2026-08-20T21:00:00+02:00,2026-08-20,Thursday,21:00,Disneyland Park,Frontierland,Thunder Mesa Riverboat Landing,CLOSED,0,,,2026-08-20T18:55:04.000Z,28,
2026-08-20T21:00:00+02:00,2026-08-20,Thursday,21:00,Disneyland Park,Main Street U.S.A,Disneyland Railroad Main Street Station,CLOSED,0,,,2026-08-20T18:55:04.000Z,2708,
2026-08-20T21:00:00+02:00,2026-08-20,Thursday,21:00,Disneyland Park,Main Street U.S.A,Main Street Vehicles,CLOSED,0,,,2026-08-20T18:55:04.000Z,12,
2026-08-20T21:00:00+02:00,2026-08-20,Thursday,21:00,Disney Adventure World,Marvel Avengers Campus,Avengers Assemble: Flight Force,OPEN,15,10,OPEN,2026-08-20T18:55:04.000Z,10848,10849
2026-08-20T21:00:00+02:00,2026-08-20,Thursday,21:00,Disney Adventure World,Marvel Avengers Campus,Spider-Man W.E.B. Adventure,OPEN,35,25,OPEN,2026-08-20T18:55:04.000Z,10845,10846
2026-08-20T21:00:00+02:00,2026-08-20,Thursday,21:00,Disney Adventure World,Production Courtyard,The Twilight Zone Tower of Terror,OPEN,30,,,2026-08-20T18:55:04.000Z,40,
2026-08-20T21:00:00+02:00,2026-08-20,Thursday,21:00,Disney Adventure World,Toon Studio,Cars Quatre Roues Rallye,OPEN,10,,,2026-08-20T18:55:04.000Z,31,
2026-08-20T21:00:00+02:00,2026-08-20,Thursday,21:00,Disney Adventure World,Toon Studio,Cars ROAD TRIP,CLOSED,0,,,2026-08-20T18:55:04.000Z,29,
2026-08-20T21:00:00+02:00,2026-08-20,Thursday,21:00,Disney Adventure World,Toon Studio,Crush's Coaster,OPEN,60,55,OPEN,2026-08-20T18:55:04.000Z,32,7277
2026-08-20T21:00:00+02:00,2026-08-20,Thursday,21:00,Disney Adventure World,Toon Studio,Les Tapis Volants - Flying Carpets Over Agrabah®,OPEN,10,,,2026-08-20T18:55:04.000Z,33,
2026-08-20T21:00:00+02:00,2026-08-20,Thursday,21:00,Disney Adventure World,Toon Studio,Ratatouille : L’Aventure Totalement Toquée de Rémy​,OPEN,40,10,OPEN,2026-08-20T18:55:04.000Z,37,7279
2026-08-20T21:00:00+02:00,2026-08-20,Thursday,21:00,Disney Adventure World,Toon Studio,RC Racer,OPEN,30,20,OPEN,2026-08-20T18:55:04.000Z,34,7280
2026-08-20T21:00:00+02:00,2026-08-20,Thursday,21:00,Disney Adventure World,Toon Studio,Slinky® Dog Zigzag Spin,OPEN,10,,,2026-08-20T18:55:04.000Z,36,
2026-08-20T21:00:00+02:00,2026-08-20,Thursday,21:00,Disney Adventure World,Toon Studio,Toy Soldiers Parachute Drop,OPEN,45,15,OPEN,2026-08-20T18:55:04.000Z,35,7281
2026-08-20T21:00:00+02:00,2026-08-20,Thursday,21:00,Disney Adventure World,World of Frozen,Entry to World of Frozen,OPEN,0,,,2026-08-20T18:55:04.000Z,16247,
2026-08-20T21:00:00+02:00,2026-08-20,Thursday,21:00,Disney Adventure World,World of Frozen,Frozen Ever After,OPEN,65,,,2026-08-20T18:55:04.000Z,15413,
2026-08-20T21:00:00+02:00,2026-08-20,Thursday,21:00,Disney Adventure World,World of Frozen,Raiponce Tangled Spin,OPEN,5,,,2026-08-20T18:55:04.000Z,15415,
2026-08-20T21:15:00+02:00,2026-08-20,Thursday,21:15,Disneyland Park,Adventureland,Adventure Isle,OPEN,0,,,2026-08-20T19:10:04.000Z,2702,
2026-08-20T21:15:00+02:00,2026-08-20,Thursday,21:15,Disneyland Park,Adventureland,Indiana Jones™ and the Temple of Peril,OPEN,10,5,OPEN,2026-08-20T19:10:04.000Z,2,7306
2026-08-20T21:15:00+02:00,2026-08-20,Thursday,21:15,Disneyland Park,Adventureland,La Cabane des Robinson,OPEN,5,,,2026-08-20T19:10:04.000Z,1,
2026-08-20T21:15:00+02:00,2026-08-20,Thursday,21:15,Disneyland Park,Adventureland,Le Passage Enchanté d'Aladdin,OPEN,0,,,2026-08-20T19:10:04.000Z,2703,
2026-08-20T21:15:00+02:00,2026-08-20,Thursday,21:15,Disneyland Park,Adventureland,Pirate Galleon,CLOSED,0,,,2026-08-20T19:10:04.000Z,2705,
2026-08-20T21:15:00+02:00,2026-08-20,Thursday,21:15,Disneyland Park,Adventureland,Pirates of the Caribbean,OPEN,10,,,2026-08-20T19:10:04.000Z,3,
2026-08-20T21:15:00+02:00,2026-08-20,Thursday,21:15,Disneyland Park,Adventureland,Pirates' Beach,OPEN,0,,,2026-08-20T19:10:04.000Z,2704,
2026-08-20T21:15:00+02:00,2026-08-20,Thursday,21:15,Disneyland Park,Discoveryland,"Autopia, presented by Avis",OPEN,55,,,2026-08-20T19:10:04.000Z,4,
2026-08-20T21:15:00+02:00,2026-08-20,Thursday,21:15,Disneyland Park,Discoveryland,Buzz Lightyear Laser Blast,OPEN,45,,,2026-08-20T19:10:04.000Z,5,
2026-08-20T21:15:00+02:00,2026-08-20,Thursday,21:15,Disneyland Park,Discoveryland,Disneyland Railroad Discoveryland Station,CLOSED,0,,,2026-08-20T19:10:04.000Z,2706,
2026-08-20T21:15:00+02:00,2026-08-20,Thursday,21:15,Disneyland Park,Discoveryland,Les Mystères du Nautilus,OPEN,5,,,2026-08-20T19:10:04.000Z,6,
2026-08-20T21:15:00+02:00,2026-08-20,Thursday,21:15,Disneyland Park,Discoveryland,Mickey’s PhilharMagic,CLOSED,0,,,2026-08-20T19:10:04.000Z,2707,
2026-08-20T21:15:00+02:00,2026-08-20,Thursday,21:15,Disneyland Park,Discoveryland,Orbitron®,OPEN,60,,,2026-08-20T19:10:04.000Z,7,
2026-08-20T21:15:00+02:00,2026-08-20,Thursday,21:15,Disneyland Park,Discoveryland,Star Tours: The Adventures Continue*,OPEN,5,,,2026-08-20T19:10:04.000Z,9,
2026-08-20T21:15:00+02:00,2026-08-20,Thursday,21:15,Disneyland Park,Discoveryland,Star Wars Hyperspace Mountain,OPEN,25,0,OPEN,2026-08-20T19:10:04.000Z,8,7278
2026-08-20T21:15:00+02:00,2026-08-20,Thursday,21:15,Disneyland Park,Discoveryland,Welcome to Starport: A Star Wars Encounter,CLOSED,0,,,2026-08-20T19:10:04.000Z,4573,
2026-08-20T21:15:00+02:00,2026-08-20,Thursday,21:15,Disneyland Park,Fantasyland,"""it's a small world""",OPEN,5,,,2026-08-20T19:10:04.000Z,19,
2026-08-20T21:15:00+02:00,2026-08-20,Thursday,21:15,Disneyland Park,Fantasyland,Alice's Curious Labyrinth,CLOSED,0,,,2026-08-20T19:10:04.000Z,14,
2026-08-20T21:15:00+02:00,2026-08-20,Thursday,21:15,Disneyland Park,Fantasyland,Blanche-Neige et les Sept Nains®,CLOSED,0,,,2026-08-20T19:10:04.000Z,15,
2026-08-20T21:15:00+02:00,2026-08-20,Thursday,21:15,Disneyland Park,Fantasyland,Casey Jr. – le Petit Train du Cirque,CLOSED,0,,,2026-08-20T19:10:04.000Z,17,
2026-08-20T21:15:00+02:00,2026-08-20,Thursday,21:15,Disneyland Park,Fantasyland,Disneyland Railroad Fantasyland Station,CLOSED,0,,,2026-08-20T19:10:04.000Z,2711,
2026-08-20T21:15:00+02:00,2026-08-20,Thursday,21:15,Disneyland Park,Fantasyland,Disneyland Railroad Main Street Station,CLOSED,0,,,2026-08-20T19:10:04.000Z,11,
2026-08-20T21:15:00+02:00,2026-08-20,Thursday,21:15,Disneyland Park,Fantasyland,Dumbo the Flying Elephant,CLOSED,0,,,2026-08-20T19:10:04.000Z,18,
2026-08-20T21:15:00+02:00,2026-08-20,Thursday,21:15,Disneyland Park,Fantasyland,La Tanière du Dragon,CLOSED,0,,,2026-08-20T19:10:04.000Z,2710,
2026-08-20T21:15:00+02:00,2026-08-20,Thursday,21:15,Disneyland Park,Fantasyland,Le Carrousel de Lancelot,CLOSED,0,,,2026-08-20T19:10:04.000Z,16,
2026-08-20T21:15:00+02:00,2026-08-20,Thursday,21:15,Disneyland Park,Fantasyland,"Le Pays des Contes de Fées, presented by Vittel",CLOSED,0,,,2026-08-20T19:10:04.000Z,21,
2026-08-20T21:15:00+02:00,2026-08-20,Thursday,21:15,Disneyland Park,Fantasyland,Les Voyages de Pinocchio,CLOSED,0,,,2026-08-20T19:10:04.000Z,23,
2026-08-20T21:15:00+02:00,2026-08-20,Thursday,21:15,Disneyland Park,Fantasyland,Mad Hatter's Tea Cups,CLOSED,0,,,2026-08-20T19:10:04.000Z,20,
2026-08-20T21:15:00+02:00,2026-08-20,Thursday,21:15,Disneyland Park,Fantasyland,Meet Mickey Mouse,CLOSED,0,,,2026-08-20T19:10:04.000Z,13,
2026-08-20T21:15:00+02:00,2026-08-20,Thursday,21:15,Disneyland Park,Fantasyland,Peter Pan's Flight,OPEN,45,,,2026-08-20T19:10:04.000Z,22,
2026-08-20T21:15:00+02:00,2026-08-20,Thursday,21:15,Disneyland Park,Fantasyland,Princess Pavilion,CLOSED,0,,,2026-08-20T19:10:04.000Z,24,
2026-08-20T21:15:00+02:00,2026-08-20,Thursday,21:15,Disneyland Park,Frontierland,Big Thunder Mountain,CLOSED,0,,,2026-08-20T19:10:04.000Z,25,
2026-08-20T21:15:00+02:00,2026-08-20,Thursday,21:15,Disneyland Park,Frontierland,Disneyland Railroad Frontierland Depot,CLOSED,0,,,2026-08-20T19:10:04.000Z,2714,
2026-08-20T21:15:00+02:00,2026-08-20,Thursday,21:15,Disneyland Park,Frontierland,Frontierland Playground,CLOSED,0,,,2026-08-20T19:10:04.000Z,2713,
2026-08-20T21:15:00+02:00,2026-08-20,Thursday,21:15,Disneyland Park,Frontierland,Phantom Manor,OPEN,5,,,2026-08-20T19:10:04.000Z,26,
2026-08-20T21:15:00+02:00,2026-08-20,Thursday,21:15,Disneyland Park,Frontierland,River Rogue Keelboats,CLOSED,0,,,2026-08-20T19:10:04.000Z,27,
2026-08-20T21:15:00+02:00,2026-08-20,Thursday,21:15,Disneyland Park,Frontierland,Rustler Roundup Shootin' Gallery,CLOSED,0,,,2026-08-20T19:10:04.000Z,2712,
2026-08-20T21:15:00+02:00,2026-08-20,Thursday,21:15,Disneyland Park,Frontierland,Thunder Mesa Riverboat Landing,CLOSED,0,,,2026-08-20T19:10:04.000Z,28,
2026-08-20T21:15:00+02:00,2026-08-20,Thursday,21:15,Disneyland Park,Main Street U.S.A,Disneyland Railroad Main Street Station,CLOSED,0,,,2026-08-20T19:10:04.000Z,2708,
2026-08-20T21:15:00+02:00,2026-08-20,Thursday,21:15,Disneyland Park,Main Street U.S.A,Main Street Vehicles,CLOSED,0,,,2026-08-20T19:10:04.000Z,12,
2026-08-20T21:15:00+02:00,2026-08-20,Thursday,21:15,Disney Adventure World,Marvel Avengers Campus,Avengers Assemble: Flight Force,OPEN,15,10,OPEN,2026-08-20T19:10:04.000Z,10848,10849
2026-08-20T21:15:00+02:00,2026-08-20,Thursday,21:15,Disney Adventure World,Marvel Avengers Campus,Spider-Man W.E.B. Adventure,OPEN,55,15,OPEN,2026-08-20T19:10:04.000Z,10845,10846
2026-08-20T21:15:00+02:00,2026-08-20,Thursday,21:15,Disney Adventure World,Production Courtyard,The Twilight Zone Tower of Terror,OPEN,30,,,2026-08-20T19:10:04.000Z,40,
2026-08-20T21:15:00+02:00,2026-08-20,Thursday,21:15,Disney Adventure World,Toon Studio,Cars Quatre Roues Rallye,OPEN,10,,,2026-08-20T19:10:04.000Z,31,
2026-08-20T21:15:00+02:00,2026-08-20,Thursday,21:15,Disney Adventure World,Toon Studio,Cars ROAD TRIP,CLOSED,0,,,2026-08-20T19:10:04.000Z,29,
2026-08-20T21:15:00+02:00,2026-08-20,Thursday,21:15,Disney Adventure World,Toon Studio,Crush's Coaster,OPEN,55,40,OPEN,2026-08-20T19:10:04.000Z,32,7277
2026-08-20T21:15:00+02:00,2026-08-20,Thursday,21:15,Disney Adventure World,Toon Studio,Les Tapis Volants - Flying Carpets Over Agrabah®,OPEN,10,,,2026-08-20T19:10:04.000Z,33,
2026-08-20T21:15:00+02:00,2026-08-20,Thursday,21:15,Disney Adventure World,Toon Studio,Ratatouille : L’Aventure Totalement Toquée de Rémy​,OPEN,20,15,OPEN,2026-08-20T19:10:04.000Z,37,7279
2026-08-20T21:15:00+02:00,2026-08-20,Thursday,21:15,Disney Adventure World,Toon Studio,RC Racer,OPEN,35,30,OPEN,2026-08-20T19:10:04.000Z,34,7280
2026-08-20T21:15:00+02:00,2026-08-20,Thursday,21:15,Disney Adventure World,Toon Studio,Slinky® Dog Zigzag Spin,OPEN,15,,,2026-08-20T19:10:04.000Z,36,
2026-08-20T21:15:00+02:00,2026-08-20,Thursday,21:15,Disney Adventure World,Toon Studio,Toy Soldiers Parachute Drop,OPEN,40,25,OPEN,2026-08-20T19:10:04.000Z,35,7281
2026-08-20T21:15:00+02:00,2026-08-20,Thursday,21:15,Disney Adventure World,World of Frozen,Entry to World of Frozen,OPEN,0,,,2026-08-20T19:10:04.000Z,16247,
2026-08-20T21:15:00+02:00,2026-08-20,Thursday,21:15,Disney Adventure World,World of Frozen,Frozen Ever After,OPEN,60,,,2026-08-20T19:10:04.000Z,15413,
2026-08-20T21:15:00+02:00,2026-08-20,Thursday,21:15,Disney Adventure World,World of Frozen,Raiponce Tangled Spin,OPEN,5,,,2026-08-20T19:10:04.000Z,15415,
2026-08-20T21:30:00+02:00,2026-08-20,Thursday,21:30,Disneyland Park,Adventureland,Adventure Isle,OPEN,0,,,2026-08-20T19:25:03.000Z,2702,
2026-08-20T21:30:00+02:00,2026-08-20,Thursday,21:30,Disneyland Park,Adventureland,Indiana Jones™ and the Temple of Peril,OPEN,10,5,OPEN,2026-08-20T19:25:03.000Z,2,7306
2026-08-20T21:30:00+02:00,2026-08-20,Thursday,21:30,Disneyland Park,Adventureland,La Cabane des Robinson,OPEN,5,,,2026-08-20T19:25:03.000Z,1,
2026-08-20T21:30:00+02:00,2026-08-20,Thursday,21:30,Disneyland Park,Adventureland,Le Passage Enchanté d'Aladdin,OPEN,0,,,2026-08-20T19:25:03.000Z,2703,
2026-08-20T21:30:00+02:00,2026-08-20,Thursday,21:30,Disneyland Park,Adventureland,Pirate Galleon,CLOSED,0,,,2026-08-20T19:25:03.000Z,2705,
2026-08-20T21:30:00+02:00,2026-08-20,Thursday,21:30,Disneyland Park,Adventureland,Pirates of the Caribbean,OPEN,15,,,2026-08-20T19:25:03.000Z,3,
2026-08-20T21:30:00+02:00,2026-08-20,Thursday,21:30,Disneyland Park,Adventureland,Pirates' Beach,OPEN,0,,,2026-08-20T19:25:03.000Z,2704,
2026-08-20T21:30:00+02:00,2026-08-20,Thursday,21:30,Disneyland Park,Discoveryland,"Autopia, presented by Avis",OPEN,40,,,2026-08-20T19:25:03.000Z,4,
2026-08-20T21:30:00+02:00,2026-08-20,Thursday,21:30,Disneyland Park,Discoveryland,Buzz Lightyear Laser Blast,OPEN,35,,,2026-08-20T19:25:03.000Z,5,
2026-08-20T21:30:00+02:00,2026-08-20,Thursday,21:30,Disneyland Park,Discoveryland,Disneyland Railroad Discoveryland Station,CLOSED,0,,,2026-08-20T19:25:03.000Z,2706,
2026-08-20T21:30:00+02:00,2026-08-20,Thursday,21:30,Disneyland Park,Discoveryland,Les Mystères du Nautilus,OPEN,5,,,2026-08-20T19:25:03.000Z,6,
2026-08-20T21:30:00+02:00,2026-08-20,Thursday,21:30,Disneyland Park,Discoveryland,Mickey’s PhilharMagic,CLOSED,0,,,2026-08-20T19:25:03.000Z,2707,
2026-08-20T21:30:00+02:00,2026-08-20,Thursday,21:30,Disneyland Park,Discoveryland,Orbitron®,OPEN,50,,,2026-08-20T19:25:03.000Z,7,
2026-08-20T21:30:00+02:00,2026-08-20,Thursday,21:30,Disneyland Park,Discoveryland,Star Tours: The Adventures Continue*,OPEN,5,,,2026-08-20T19:25:03.000Z,9,
2026-08-20T21:30:00+02:00,2026-08-20,Thursday,21:30,Disneyland Park,Discoveryland,Star Wars Hyperspace Mountain,OPEN,20,0,OPEN,2026-08-20T19:25:03.000Z,8,7278
2026-08-20T21:30:00+02:00,2026-08-20,Thursday,21:30,Disneyland Park,Discoveryland,Welcome to Starport: A Star Wars Encounter,CLOSED,0,,,2026-08-20T19:25:03.000Z,4573,
2026-08-20T21:30:00+02:00,2026-08-20,Thursday,21:30,Disneyland Park,Fantasyland,"""it's a small world""",OPEN,5,,,2026-08-20T19:25:03.000Z,19,
2026-08-20T21:30:00+02:00,2026-08-20,Thursday,21:30,Disneyland Park,Fantasyland,Alice's Curious Labyrinth,CLOSED,0,,,2026-08-20T19:25:03.000Z,14,
2026-08-20T21:30:00+02:00,2026-08-20,Thursday,21:30,Disneyland Park,Fantasyland,Blanche-Neige et les Sept Nains®,CLOSED,0,,,2026-08-20T19:25:03.000Z,15,
2026-08-20T21:30:00+02:00,2026-08-20,Thursday,21:30,Disneyland Park,Fantasyland,Casey Jr. – le Petit Train du Cirque,CLOSED,0,,,2026-08-20T19:25:03.000Z,17,
2026-08-20T21:30:00+02:00,2026-08-20,Thursday,21:30,Disneyland Park,Fantasyland,Disneyland Railroad Fantasyland Station,CLOSED,0,,,2026-08-20T19:25:03.000Z,2711,
2026-08-20T21:30:00+02:00,2026-08-20,Thursday,21:30,Disneyland Park,Fantasyland,Disneyland Railroad Main Street Station,CLOSED,0,,,2026-08-20T19:25:03.000Z,11,
2026-08-20T21:30:00+02:00,2026-08-20,Thursday,21:30,Disneyland Park,Fantasyland,Dumbo the Flying Elephant,CLOSED,0,,,2026-08-20T19:25:03.000Z,18,
2026-08-20T21:30:00+02:00,2026-08-20,Thursday,21:30,Disneyland Park,Fantasyland,La Tanière du Dragon,CLOSED,0,,,2026-08-20T19:25:03.000Z,2710,
2026-08-20T21:30:00+02:00,2026-08-20,Thursday,21:30,Disneyland Park,Fantasyland,Le Carrousel de Lancelot,CLOSED,0,,,2026-08-20T19:25:03.000Z,16,
2026-08-20T21:30:00+02:00,2026-08-20,Thursday,21:30,Disneyland Park,Fantasyland,"Le Pays des Contes de Fées, presented by Vittel",CLOSED,0,,,2026-08-20T19:25:03.000Z,21,
2026-08-20T21:30:00+02:00,2026-08-20,Thursday,21:30,Disneyland Park,Fantasyland,Les Voyages de Pinocchio,CLOSED,0,,,2026-08-20T19:25:03.000Z,23,
2026-08-20T21:30:00+02:00,2026-08-20,Thursday,21:30,Disneyland Park,Fantasyland,Mad Hatter's Tea Cups,CLOSED,0,,,2026-08-20T19:25:03.000Z,20,
2026-08-20T21:30:00+02:00,2026-08-20,Thursday,21:30,Disneyland Park,Fantasyland,Meet Mickey Mouse,CLOSED,0,,,2026-08-20T19:25:03.000Z,13,
2026-08-20T21:30:00+02:00,2026-08-20,Thursday,21:30,Disneyland Park,Fantasyland,Peter Pan's Flight,OPEN,35,,,2026-08-20T19:25:03.000Z,22,
2026-08-20T21:30:00+02:00,2026-08-20,Thursday,21:30,Disneyland Park,Fantasyland,Princess Pavilion,CLOSED,0,,,2026-08-20T19:25:03.000Z,24,
2026-08-20T21:30:00+02:00,2026-08-20,Thursday,21:30,Disneyland Park,Frontierland,Big Thunder Mountain,CLOSED,0,,,2026-08-20T19:25:03.000Z,25,
2026-08-20T21:30:00+02:00,2026-08-20,Thursday,21:30,Disneyland Park,Frontierland,Disneyland Railroad Frontierland Depot,CLOSED,0,,,2026-08-20T19:25:03.000Z,2714,
2026-08-20T21:30:00+02:00,2026-08-20,Thursday,21:30,Disneyland Park,Frontierland,Frontierland Playground,CLOSED,0,,,2026-08-20T19:25:03.000Z,2713,
2026-08-20T21:30:00+02:00,2026-08-20,Thursday,21:30,Disneyland Park,Frontierland,Phantom Manor,OPEN,5,,,2026-08-20T19:25:03.000Z,26,
2026-08-20T21:30:00+02:00,2026-08-20,Thursday,21:30,Disneyland Park,Frontierland,River Rogue Keelboats,CLOSED,0,,,2026-08-20T19:25:03.000Z,27,
2026-08-20T21:30:00+02:00,2026-08-20,Thursday,21:30,Disneyland Park,Frontierland,Rustler Roundup Shootin' Gallery,CLOSED,0,,,2026-08-20T19:25:03.000Z,2712,
2026-08-20T21:30:00+02:00,2026-08-20,Thursday,21:30,Disneyland Park,Frontierland,Thunder Mesa Riverboat Landing,CLOSED,0,,,2026-08-20T19:25:03.000Z,28,
2026-08-20T21:30:00+02:00,2026-08-20,Thursday,21:30,Disneyland Park,Main Street U.S.A,Disneyland Railroad Main Street Station,CLOSED,0,,,2026-08-20T19:25:03.000Z,2708,
2026-08-20T21:30:00+02:00,2026-08-20,Thursday,21:30,Disneyland Park,Main Street U.S.A,Main Street Vehicles,CLOSED,0,,,2026-08-20T19:25:03.000Z,12,
2026-08-20T21:30:00+02:00,2026-08-20,Thursday,21:30,Disney Adventure World,Marvel Avengers Campus,Avengers Assemble: Flight Force,OPEN,10,5,OPEN,2026-08-20T19:25:03.000Z,10848,10849
2026-08-20T21:30:00+02:00,2026-08-20,Thursday,21:30,Disney Adventure World,Marvel Avengers Campus,Spider-Man W.E.B. Adventure,OPEN,40,20,OPEN,2026-08-20T19:25:03.000Z,10845,10846
2026-08-20T21:30:00+02:00,2026-08-20,Thursday,21:30,Disney Adventure World,Production Courtyard,The Twilight Zone Tower of Terror,OPEN,15,,,2026-08-20T19:25:03.000Z,40,
2026-08-20T21:30:00+02:00,2026-08-20,Thursday,21:30,Disney Adventure World,Toon Studio,Cars Quatre Roues Rallye,OPEN,5,,,2026-08-20T19:25:03.000Z,31,
2026-08-20T21:30:00+02:00,2026-08-20,Thursday,21:30,Disney Adventure World,Toon Studio,Cars ROAD TRIP,CLOSED,0,,,2026-08-20T19:25:03.000Z,29,
2026-08-20T21:30:00+02:00,2026-08-20,Thursday,21:30,Disney Adventure World,Toon Studio,Crush's Coaster,OPEN,35,25,OPEN,2026-08-20T19:25:03.000Z,32,7277
2026-08-20T21:30:00+02:00,2026-08-20,Thursday,21:30,Disney Adventure World,Toon Studio,Les Tapis Volants - Flying Carpets Over Agrabah®,OPEN,10,,,2026-08-20T19:25:03.000Z,33,
2026-08-20T21:30:00+02:00,2026-08-20,Thursday,21:30,Disney Adventure World,Toon Studio,Ratatouille : L’Aventure Totalement Toquée de Rémy​,OPEN,20,5,OPEN,2026-08-20T19:25:03.000Z,37,7279
2026-08-20T21:30:00+02:00,2026-08-20,Thursday,21:30,Disney Adventure World,Toon Studio,RC Racer,OPEN,30,25,OPEN,2026-08-20T19:25:03.000Z,34,7280
2026-08-20T21:30:00+02:00,2026-08-20,Thursday,21:30,Disney Adventure World,Toon Studio,Slinky® Dog Zigzag Spin,OPEN,10,,,2026-08-20T19:25:03.000Z,36,
2026-08-20T21:30:00+02:00,2026-08-20,Thursday,21:30,Disney Adventure World,Toon Studio,Toy Soldiers Parachute Drop,OPEN,30,25,OPEN,2026-08-20T19:25:03.000Z,35,7281
2026-08-20T21:30:00+02:00,2026-08-20,Thursday,21:30,Disney Adventure World,World of Frozen,Entry to World of Frozen,OPEN,0,,,2026-08-20T19:25:03.000Z,16247,
2026-08-20T21:30:00+02:00,2026-08-20,Thursday,21:30,Disney Adventure World,World of Frozen,Frozen Ever After,OPEN,45,,,2026-08-20T19:25:03.000Z,15413,
2026-08-20T21:30:00+02:00,2026-08-20,Thursday,21:30,Disney Adventure World,World of Frozen,Raiponce Tangled Spin,OPEN,5,,,2026-08-20T19:25:03.000Z,15415,
2026-08-20T21:45:00+02:00,2026-08-20,Thursday,21:45,Disneyland Park,Adventureland,Adventure Isle,OPEN,0,,,2026-08-20T19:40:04.000Z,2702,
2026-08-20T21:45:00+02:00,2026-08-20,Thursday,21:45,Disneyland Park,Adventureland,Indiana Jones™ and the Temple of Peril,OPEN,10,5,OPEN,2026-08-20T19:40:04.000Z,2,7306
2026-08-20T21:45:00+02:00,2026-08-20,Thursday,21:45,Disneyland Park,Adventureland,La Cabane des Robinson,OPEN,5,,,2026-08-20T19:40:04.000Z,1,
2026-08-20T21:45:00+02:00,2026-08-20,Thursday,21:45,Disneyland Park,Adventureland,Le Passage Enchanté d'Aladdin,OPEN,0,,,2026-08-20T19:40:04.000Z,2703,
2026-08-20T21:45:00+02:00,2026-08-20,Thursday,21:45,Disneyland Park,Adventureland,Pirate Galleon,CLOSED,0,,,2026-08-20T19:40:04.000Z,2705,
2026-08-20T21:45:00+02:00,2026-08-20,Thursday,21:45,Disneyland Park,Adventureland,Pirates of the Caribbean,OPEN,10,,,2026-08-20T19:40:04.000Z,3,
2026-08-20T21:45:00+02:00,2026-08-20,Thursday,21:45,Disneyland Park,Adventureland,Pirates' Beach,OPEN,0,,,2026-08-20T19:40:04.000Z,2704,
2026-08-20T21:45:00+02:00,2026-08-20,Thursday,21:45,Disneyland Park,Discoveryland,"Autopia, presented by Avis",OPEN,30,,,2026-08-20T19:40:04.000Z,4,
2026-08-20T21:45:00+02:00,2026-08-20,Thursday,21:45,Disneyland Park,Discoveryland,Buzz Lightyear Laser Blast,OPEN,25,,,2026-08-20T19:40:04.000Z,5,
2026-08-20T21:45:00+02:00,2026-08-20,Thursday,21:45,Disneyland Park,Discoveryland,Disneyland Railroad Discoveryland Station,CLOSED,0,,,2026-08-20T19:40:04.000Z,2706,
2026-08-20T21:45:00+02:00,2026-08-20,Thursday,21:45,Disneyland Park,Discoveryland,Les Mystères du Nautilus,OPEN,5,,,2026-08-20T19:40:04.000Z,6,
2026-08-20T21:45:00+02:00,2026-08-20,Thursday,21:45,Disneyland Park,Discoveryland,Mickey’s PhilharMagic,CLOSED,0,,,2026-08-20T19:40:04.000Z,2707,
2026-08-20T21:45:00+02:00,2026-08-20,Thursday,21:45,Disneyland Park,Discoveryland,Orbitron®,OPEN,30,,,2026-08-20T19:40:04.000Z,7,
2026-08-20T21:45:00+02:00,2026-08-20,Thursday,21:45,Disneyland Park,Discoveryland,Star Tours: The Adventures Continue*,OPEN,5,,,2026-08-20T19:40:04.000Z,9,
2026-08-20T21:45:00+02:00,2026-08-20,Thursday,21:45,Disneyland Park,Discoveryland,Star Wars Hyperspace Mountain,OPEN,10,0,OPEN,2026-08-20T19:40:04.000Z,8,7278
2026-08-20T21:45:00+02:00,2026-08-20,Thursday,21:45,Disneyland Park,Discoveryland,Welcome to Starport: A Star Wars Encounter,CLOSED,0,,,2026-08-20T19:40:04.000Z,4573,
2026-08-20T21:45:00+02:00,2026-08-20,Thursday,21:45,Disneyland Park,Fantasyland,"""it's a small world""",OPEN,5,,,2026-08-20T19:40:04.000Z,19,
2026-08-20T21:45:00+02:00,2026-08-20,Thursday,21:45,Disneyland Park,Fantasyland,Alice's Curious Labyrinth,CLOSED,0,,,2026-08-20T19:40:04.000Z,14,
2026-08-20T21:45:00+02:00,2026-08-20,Thursday,21:45,Disneyland Park,Fantasyland,Blanche-Neige et les Sept Nains®,CLOSED,0,,,2026-08-20T19:40:04.000Z,15,
2026-08-20T21:45:00+02:00,2026-08-20,Thursday,21:45,Disneyland Park,Fantasyland,Casey Jr. – le Petit Train du Cirque,CLOSED,0,,,2026-08-20T19:40:04.000Z,17,
2026-08-20T21:45:00+02:00,2026-08-20,Thursday,21:45,Disneyland Park,Fantasyland,Disneyland Railroad Fantasyland Station,CLOSED,0,,,2026-08-20T19:40:04.000Z,2711,
2026-08-20T21:45:00+02:00,2026-08-20,Thursday,21:45,Disneyland Park,Fantasyland,Disneyland Railroad Main Street Station,CLOSED,0,,,2026-08-20T19:40:04.000Z,11,
2026-08-20T21:45:00+02:00,2026-08-20,Thursday,21:45,Disneyland Park,Fantasyland,Dumbo the Flying Elephant,CLOSED,0,,,2026-08-20T19:40:04.000Z,18,
2026-08-20T21:45:00+02:00,2026-08-20,Thursday,21:45,Disneyland Park,Fantasyland,La Tanière du Dragon,CLOSED,0,,,2026-08-20T19:40:04.000Z,2710,
2026-08-20T21:45:00+02:00,2026-08-20,Thursday,21:45,Disneyland Park,Fantasyland,Le Carrousel de Lancelot,CLOSED,0,,,2026-08-20T19:40:04.000Z,16,
2026-08-20T21:45:00+02:00,2026-08-20,Thursday,21:45,Disneyland Park,Fantasyland,"Le Pays des Contes de Fées, presented by Vittel",CLOSED,0,,,2026-08-20T19:40:04.000Z,21,
2026-08-20T21:45:00+02:00,2026-08-20,Thursday,21:45,Disneyland Park,Fantasyland,Les Voyages de Pinocchio,CLOSED,0,,,2026-08-20T19:40:04.000Z,23,
2026-08-20T21:45:00+02:00,2026-08-20,Thursday,21:45,Disneyland Park,Fantasyland,Mad Hatter's Tea Cups,CLOSED,0,,,2026-08-20T19:40:04.000Z,20,
2026-08-20T21:45:00+02:00,2026-08-20,Thursday,21:45,Disneyland Park,Fantasyland,Meet Mickey Mouse,CLOSED,0,,,2026-08-20T19:40:04.000Z,13,
2026-08-20T21:45:00+02:00,2026-08-20,Thursday,21:45,Disneyland Park,Fantasyland,Peter Pan's Flight,OPEN,15,,,2026-08-20T19:40:04.000Z,22,
2026-08-20T21:45:00+02:00,2026-08-20,Thursday,21:45,Disneyland Park,Fantasyland,Princess Pavilion,CLOSED,0,,,2026-08-20T19:40:04.000Z,24,
2026-08-20T21:45:00+02:00,2026-08-20,Thursday,21:45,Disneyland Park,Frontierland,Big Thunder Mountain,OPEN,50,,,2026-08-20T19:40:04.000Z,25,
2026-08-20T21:45:00+02:00,2026-08-20,Thursday,21:45,Disneyland Park,Frontierland,Disneyland Railroad Frontierland Depot,CLOSED,0,,,2026-08-20T19:40:04.000Z,2714,
2026-08-20T21:45:00+02:00,2026-08-20,Thursday,21:45,Disneyland Park,Frontierland,Frontierland Playground,CLOSED,0,,,2026-08-20T19:40:04.000Z,2713,
2026-08-20T21:45:00+02:00,2026-08-20,Thursday,21:45,Disneyland Park,Frontierland,Phantom Manor,OPEN,5,,,2026-08-20T19:40:04.000Z,26,
2026-08-20T21:45:00+02:00,2026-08-20,Thursday,21:45,Disneyland Park,Frontierland,River Rogue Keelboats,CLOSED,0,,,2026-08-20T19:40:04.000Z,27,
2026-08-20T21:45:00+02:00,2026-08-20,Thursday,21:45,Disneyland Park,Frontierland,Rustler Roundup Shootin' Gallery,CLOSED,0,,,2026-08-20T19:40:04.000Z,2712,
2026-08-20T21:45:00+02:00,2026-08-20,Thursday,21:45,Disneyland Park,Frontierland,Thunder Mesa Riverboat Landing,CLOSED,0,,,2026-08-20T19:40:04.000Z,28,
2026-08-20T21:45:00+02:00,2026-08-20,Thursday,21:45,Disneyland Park,Main Street U.S.A,Disneyland Railroad Main Street Station,CLOSED,0,,,2026-08-20T19:40:04.000Z,2708,
2026-08-20T21:45:00+02:00,2026-08-20,Thursday,21:45,Disneyland Park,Main Street U.S.A,Main Street Vehicles,CLOSED,0,,,2026-08-20T19:40:04.000Z,12,
2026-08-20T21:45:00+02:00,2026-08-20,Thursday,21:45,Disney Adventure World,Marvel Avengers Campus,Avengers Assemble: Flight Force,OPEN,5,5,OPEN,2026-08-20T19:40:04.000Z,10848,10849
2026-08-20T21:45:00+02:00,2026-08-20,Thursday,21:45,Disney Adventure World,Marvel Avengers Campus,Spider-Man W.E.B. Adventure,OPEN,20,5,OPEN,2026-08-20T19:40:04.000Z,10845,10846
2026-08-20T21:45:00+02:00,2026-08-20,Thursday,21:45,Disney Adventure World,Production Courtyard,The Twilight Zone Tower of Terror,OPEN,5,,,2026-08-20T19:40:04.000Z,40,
2026-08-20T21:45:00+02:00,2026-08-20,Thursday,21:45,Disney Adventure World,Toon Studio,Cars Quatre Roues Rallye,OPEN,5,,,2026-08-20T19:40:04.000Z,31,
2026-08-20T21:45:00+02:00,2026-08-20,Thursday,21:45,Disney Adventure World,Toon Studio,Cars ROAD TRIP,CLOSED,0,,,2026-08-20T19:40:04.000Z,29,
2026-08-20T21:45:00+02:00,2026-08-20,Thursday,21:45,Disney Adventure World,Toon Studio,Crush's Coaster,OPEN,45,30,OPEN,2026-08-20T19:40:04.000Z,32,7277
2026-08-20T21:45:00+02:00,2026-08-20,Thursday,21:45,Disney Adventure World,Toon Studio,Les Tapis Volants - Flying Carpets Over Agrabah®,OPEN,5,,,2026-08-20T19:40:04.000Z,33,
2026-08-20T21:45:00+02:00,2026-08-20,Thursday,21:45,Disney Adventure World,Toon Studio,Ratatouille : L’Aventure Totalement Toquée de Rémy​,OPEN,10,5,OPEN,2026-08-20T19:40:04.000Z,37,7279
2026-08-20T21:45:00+02:00,2026-08-20,Thursday,21:45,Disney Adventure World,Toon Studio,RC Racer,OPEN,30,25,OPEN,2026-08-20T19:40:04.000Z,34,7280
2026-08-20T21:45:00+02:00,2026-08-20,Thursday,21:45,Disney Adventure World,Toon Studio,Slinky® Dog Zigzag Spin,OPEN,5,,,2026-08-20T19:40:04.000Z,36,
2026-08-20T21:45:00+02:00,2026-08-20,Thursday,21:45,Disney Adventure World,Toon Studio,Toy Soldiers Parachute Drop,OPEN,25,20,OPEN,2026-08-20T19:40:04.000Z,35,7281
2026-08-20T21:45:00+02:00,2026-08-20,Thursday,21:45,Disney Adventure World,World of Frozen,Entry to World of Frozen,OPEN,0,,,2026-08-20T19:40:04.000Z,16247,
2026-08-20T21:45:00+02:00,2026-08-20,Thursday,21:45,Disney Adventure World,World of Frozen,Frozen Ever After,OPEN,10,,,2026-08-20T19:40:04.000Z,15413,
2026-08-20T21:45:00+02:00,2026-08-20,Thursday,21:45,Disney Adventure World,World of Frozen,Raiponce Tangled Spin,OPEN,5,,,2026-08-20T19:40:04.000Z,15415,
2026-08-20T22:00:00+02:00,2026-08-20,Thursday,22:00,Disneyland Park,Adventureland,Adventure Isle,OPEN,0,,,2026-08-20T19:55:03.000Z,2702,
2026-08-20T22:00:00+02:00,2026-08-20,Thursday,22:00,Disneyland Park,Adventureland,Indiana Jones™ and the Temple of Peril,OPEN,5,5,OPEN,2026-08-20T19:55:03.000Z,2,7306
2026-08-20T22:00:00+02:00,2026-08-20,Thursday,22:00,Disneyland Park,Adventureland,La Cabane des Robinson,OPEN,5,,,2026-08-20T19:55:03.000Z,1,
2026-08-20T22:00:00+02:00,2026-08-20,Thursday,22:00,Disneyland Park,Adventureland,Le Passage Enchanté d'Aladdin,CLOSED,0,,,2026-08-20T19:55:03.000Z,2703,
2026-08-20T22:00:00+02:00,2026-08-20,Thursday,22:00,Disneyland Park,Adventureland,Pirate Galleon,CLOSED,0,,,2026-08-20T19:55:03.000Z,2705,
2026-08-20T22:00:00+02:00,2026-08-20,Thursday,22:00,Disneyland Park,Adventureland,Pirates of the Caribbean,OPEN,5,,,2026-08-20T19:55:03.000Z,3,
2026-08-20T22:00:00+02:00,2026-08-20,Thursday,22:00,Disneyland Park,Adventureland,Pirates' Beach,CLOSED,0,,,2026-08-20T19:55:03.000Z,2704,
2026-08-20T22:00:00+02:00,2026-08-20,Thursday,22:00,Disneyland Park,Discoveryland,"Autopia, presented by Avis",OPEN,20,,,2026-08-20T19:55:03.000Z,4,
2026-08-20T22:00:00+02:00,2026-08-20,Thursday,22:00,Disneyland Park,Discoveryland,Buzz Lightyear Laser Blast,OPEN,5,,,2026-08-20T19:55:03.000Z,5,
2026-08-20T22:00:00+02:00,2026-08-20,Thursday,22:00,Disneyland Park,Discoveryland,Disneyland Railroad Discoveryland Station,CLOSED,0,,,2026-08-20T19:55:03.000Z,2706,
2026-08-20T22:00:00+02:00,2026-08-20,Thursday,22:00,Disneyland Park,Discoveryland,Les Mystères du Nautilus,OPEN,5,,,2026-08-20T19:55:03.000Z,6,
2026-08-20T22:00:00+02:00,2026-08-20,Thursday,22:00,Disneyland Park,Discoveryland,Mickey’s PhilharMagic,CLOSED,0,,,2026-08-20T19:55:03.000Z,2707,
2026-08-20T22:00:00+02:00,2026-08-20,Thursday,22:00,Disneyland Park,Discoveryland,Orbitron®,OPEN,20,,,2026-08-20T19:55:03.000Z,7,
2026-08-20T22:00:00+02:00,2026-08-20,Thursday,22:00,Disneyland Park,Discoveryland,Star Tours: The Adventures Continue*,OPEN,5,,,2026-08-20T19:55:03.000Z,9,
2026-08-20T22:00:00+02:00,2026-08-20,Thursday,22:00,Disneyland Park,Discoveryland,Star Wars Hyperspace Mountain,OPEN,5,0,OPEN,2026-08-20T19:55:03.000Z,8,7278
2026-08-20T22:00:00+02:00,2026-08-20,Thursday,22:00,Disneyland Park,Discoveryland,Welcome to Starport: A Star Wars Encounter,CLOSED,0,,,2026-08-20T19:55:03.000Z,4573,
2026-08-20T22:00:00+02:00,2026-08-20,Thursday,22:00,Disneyland Park,Fantasyland,"""it's a small world""",OPEN,5,,,2026-08-20T19:55:03.000Z,19,
2026-08-20T22:00:00+02:00,2026-08-20,Thursday,22:00,Disneyland Park,Fantasyland,Alice's Curious Labyrinth,CLOSED,0,,,2026-08-20T19:55:03.000Z,14,
2026-08-20T22:00:00+02:00,2026-08-20,Thursday,22:00,Disneyland Park,Fantasyland,Blanche-Neige et les Sept Nains®,CLOSED,0,,,2026-08-20T19:55:03.000Z,15,
2026-08-20T22:00:00+02:00,2026-08-20,Thursday,22:00,Disneyland Park,Fantasyland,Casey Jr. – le Petit Train du Cirque,CLOSED,0,,,2026-08-20T19:55:03.000Z,17,
2026-08-20T22:00:00+02:00,2026-08-20,Thursday,22:00,Disneyland Park,Fantasyland,Disneyland Railroad Fantasyland Station,CLOSED,0,,,2026-08-20T19:55:03.000Z,2711,
2026-08-20T22:00:00+02:00,2026-08-20,Thursday,22:00,Disneyland Park,Fantasyland,Disneyland Railroad Main Street Station,CLOSED,0,,,2026-08-20T19:55:03.000Z,11,
2026-08-20T22:00:00+02:00,2026-08-20,Thursday,22:00,Disneyland Park,Fantasyland,Dumbo the Flying Elephant,CLOSED,0,,,2026-08-20T19:55:03.000Z,18,
2026-08-20T22:00:00+02:00,2026-08-20,Thursday,22:00,Disneyland Park,Fantasyland,La Tanière du Dragon,CLOSED,0,,,2026-08-20T19:55:03.000Z,2710,
2026-08-20T22:00:00+02:00,2026-08-20,Thursday,22:00,Disneyland Park,Fantasyland,Le Carrousel de Lancelot,CLOSED,0,,,2026-08-20T19:55:03.000Z,16,
2026-08-20T22:00:00+02:00,2026-08-20,Thursday,22:00,Disneyland Park,Fantasyland,"Le Pays des Contes de Fées, presented by Vittel",CLOSED,0,,,2026-08-20T19:55:03.000Z,21,
2026-08-20T22:00:00+02:00,2026-08-20,Thursday,22:00,Disneyland Park,Fantasyland,Les Voyages de Pinocchio,CLOSED,0,,,2026-08-20T19:55:03.000Z,23,
2026-08-20T22:00:00+02:00,2026-08-20,Thursday,22:00,Disneyland Park,Fantasyland,Mad Hatter's Tea Cups,CLOSED,0,,,2026-08-20T19:55:03.000Z,20,
2026-08-20T22:00:00+02:00,2026-08-20,Thursday,22:00,Disneyland Park,Fantasyland,Meet Mickey Mouse,CLOSED,0,,,2026-08-20T19:55:03.000Z,13,
2026-08-20T22:00:00+02:00,2026-08-20,Thursday,22:00,Disneyland Park,Fantasyland,Peter Pan's Flight,OPEN,5,,,2026-08-20T19:55:03.000Z,22,
2026-08-20T22:00:00+02:00,2026-08-20,Thursday,22:00,Disneyland Park,Fantasyland,Princess Pavilion,CLOSED,0,,,2026-08-20T19:55:03.000Z,24,
2026-08-20T22:00:00+02:00,2026-08-20,Thursday,22:00,Disneyland Park,Frontierland,Big Thunder Mountain,OPEN,25,,,2026-08-20T19:55:03.000Z,25,
2026-08-20T22:00:00+02:00,2026-08-20,Thursday,22:00,Disneyland Park,Frontierland,Disneyland Railroad Frontierland Depot,CLOSED,0,,,2026-08-20T19:55:03.000Z,2714,
2026-08-20T22:00:00+02:00,2026-08-20,Thursday,22:00,Disneyland Park,Frontierland,Frontierland Playground,CLOSED,0,,,2026-08-20T19:55:03.000Z,2713,
2026-08-20T22:00:00+02:00,2026-08-20,Thursday,22:00,Disneyland Park,Frontierland,Phantom Manor,OPEN,5,,,2026-08-20T19:55:03.000Z,26,
2026-08-20T22:00:00+02:00,2026-08-20,Thursday,22:00,Disneyland Park,Frontierland,River Rogue Keelboats,CLOSED,0,,,2026-08-20T19:55:03.000Z,27,
2026-08-20T22:00:00+02:00,2026-08-20,Thursday,22:00,Disneyland Park,Frontierland,Rustler Roundup Shootin' Gallery,CLOSED,0,,,2026-08-20T19:55:03.000Z,2712,
2026-08-20T22:00:00+02:00,2026-08-20,Thursday,22:00,Disneyland Park,Frontierland,Thunder Mesa Riverboat Landing,CLOSED,0,,,2026-08-20T19:55:03.000Z,28,
2026-08-20T22:00:00+02:00,2026-08-20,Thursday,22:00,Disneyland Park,Main Street U.S.A,Disneyland Railroad Main Street Station,CLOSED,0,,,2026-08-20T19:55:03.000Z,2708,
2026-08-20T22:00:00+02:00,2026-08-20,Thursday,22:00,Disneyland Park,Main Street U.S.A,Main Street Vehicles,CLOSED,0,,,2026-08-20T19:55:03.000Z,12,
2026-08-20T22:00:00+02:00,2026-08-20,Thursday,22:00,Disney Adventure World,Marvel Avengers Campus,Avengers Assemble: Flight Force,OPEN,5,5,OPEN,2026-08-20T19:55:03.000Z,10848,10849
2026-08-20T22:00:00+02:00,2026-08-20,Thursday,22:00,Disney Adventure World,Marvel Avengers Campus,Spider-Man W.E.B. Adventure,OPEN,5,5,OPEN,2026-08-20T19:55:03.000Z,10845,10846
2026-08-20T22:00:00+02:00,2026-08-20,Thursday,22:00,Disney Adventure World,Production Courtyard,The Twilight Zone Tower of Terror,OPEN,5,,,2026-08-20T19:55:03.000Z,40,
2026-08-20T22:00:00+02:00,2026-08-20,Thursday,22:00,Disney Adventure World,Toon Studio,Cars Quatre Roues Rallye,OPEN,5,,,2026-08-20T19:55:03.000Z,31,
2026-08-20T22:00:00+02:00,2026-08-20,Thursday,22:00,Disney Adventure World,Toon Studio,Cars ROAD TRIP,CLOSED,0,,,2026-08-20T19:55:03.000Z,29,
2026-08-20T22:00:00+02:00,2026-08-20,Thursday,22:00,Disney Adventure World,Toon Studio,Crush's Coaster,OPEN,30,20,OPEN,2026-08-20T19:55:03.000Z,32,7277
2026-08-20T22:00:00+02:00,2026-08-20,Thursday,22:00,Disney Adventure World,Toon Studio,Les Tapis Volants - Flying Carpets Over Agrabah®,OPEN,5,,,2026-08-20T19:55:03.000Z,33,
2026-08-20T22:00:00+02:00,2026-08-20,Thursday,22:00,Disney Adventure World,Toon Studio,Ratatouille : L’Aventure Totalement Toquée de Rémy​,OPEN,5,5,OPEN,2026-08-20T19:55:03.000Z,37,7279
2026-08-20T22:00:00+02:00,2026-08-20,Thursday,22:00,Disney Adventure World,Toon Studio,RC Racer,OPEN,5,5,OPEN,2026-08-20T19:55:03.000Z,34,7280
2026-08-20T22:00:00+02:00,2026-08-20,Thursday,22:00,Disney Adventure World,Toon Studio,Slinky® Dog Zigzag Spin,OPEN,5,,,2026-08-20T19:55:03.000Z,36,
2026-08-20T22:00:00+02:00,2026-08-20,Thursday,22:00,Disney Adventure World,Toon Studio,Toy Soldiers Parachute Drop,OPEN,25,5,OPEN,2026-08-20T19:55:03.000Z,35,7281
2026-08-20T22:00:00+02:00,2026-08-20,Thursday,22:00,Disney Adventure World,World of Frozen,Entry to World of Frozen,OPEN,0,,,2026-08-20T19:55:03.000Z,16247,
2026-08-20T22:00:00+02:00,2026-08-20,Thursday,22:00,Disney Adventure World,World of Frozen,Frozen Ever After,OPEN,5,,,2026-08-20T19:55:03.000Z,15413,
2026-08-20T22:00:00+02:00,2026-08-20,Thursday,22:00,Disney Adventure World,World of Frozen,Raiponce Tangled Spin,OPEN,5,,,2026-08-20T19:55:03.000Z,15415,
2026-08-20T22:15:00+02:00,2026-08-20,Thursday,22:15,Disneyland Park,Adventureland,Adventure Isle,CLOSED,0,,,2026-08-20T20:10:32.000Z,2702,
2026-08-20T22:15:00+02:00,2026-08-20,Thursday,22:15,Disneyland Park,Adventureland,Indiana Jones™ and the Temple of Peril,CLOSED,0,0,CLOSED,2026-08-20T20:10:32.000Z,2,7306
2026-08-20T22:15:00+02:00,2026-08-20,Thursday,22:15,Disneyland Park,Adventureland,La Cabane des Robinson,CLOSED,0,,,2026-08-20T20:10:32.000Z,1,
2026-08-20T22:15:00+02:00,2026-08-20,Thursday,22:15,Disneyland Park,Adventureland,Le Passage Enchanté d'Aladdin,CLOSED,0,,,2026-08-20T20:10:32.000Z,2703,
2026-08-20T22:15:00+02:00,2026-08-20,Thursday,22:15,Disneyland Park,Adventureland,Pirate Galleon,CLOSED,0,,,2026-08-20T20:10:32.000Z,2705,
2026-08-20T22:15:00+02:00,2026-08-20,Thursday,22:15,Disneyland Park,Adventureland,Pirates of the Caribbean,CLOSED,0,,,2026-08-20T20:10:32.000Z,3,
2026-08-20T22:15:00+02:00,2026-08-20,Thursday,22:15,Disneyland Park,Adventureland,Pirates' Beach,CLOSED,0,,,2026-08-20T20:10:32.000Z,2704,
2026-08-20T22:15:00+02:00,2026-08-20,Thursday,22:15,Disneyland Park,Discoveryland,"Autopia, presented by Avis",CLOSED,0,,,2026-08-20T20:10:32.000Z,4,
2026-08-20T22:15:00+02:00,2026-08-20,Thursday,22:15,Disneyland Park,Discoveryland,Buzz Lightyear Laser Blast,CLOSED,0,,,2026-08-20T20:10:32.000Z,5,
2026-08-20T22:15:00+02:00,2026-08-20,Thursday,22:15,Disneyland Park,Discoveryland,Disneyland Railroad Discoveryland Station,CLOSED,0,,,2026-08-20T20:10:32.000Z,2706,
2026-08-20T22:15:00+02:00,2026-08-20,Thursday,22:15,Disneyland Park,Discoveryland,Les Mystères du Nautilus,CLOSED,0,,,2026-08-20T20:10:32.000Z,6,
2026-08-20T22:15:00+02:00,2026-08-20,Thursday,22:15,Disneyland Park,Discoveryland,Mickey’s PhilharMagic,CLOSED,0,,,2026-08-20T20:10:32.000Z,2707,
2026-08-20T22:15:00+02:00,2026-08-20,Thursday,22:15,Disneyland Park,Discoveryland,Orbitron®,CLOSED,0,,,2026-08-20T20:10:32.000Z,7,
2026-08-20T22:15:00+02:00,2026-08-20,Thursday,22:15,Disneyland Park,Discoveryland,Star Tours: The Adventures Continue*,CLOSED,0,,,2026-08-20T20:10:32.000Z,9,
2026-08-20T22:15:00+02:00,2026-08-20,Thursday,22:15,Disneyland Park,Discoveryland,Star Wars Hyperspace Mountain,CLOSED,0,0,CLOSED,2026-08-20T20:10:32.000Z,8,7278
2026-08-20T22:15:00+02:00,2026-08-20,Thursday,22:15,Disneyland Park,Discoveryland,Welcome to Starport: A Star Wars Encounter,CLOSED,0,,,2026-08-20T20:10:32.000Z,4573,
2026-08-20T22:15:00+02:00,2026-08-20,Thursday,22:15,Disneyland Park,Fantasyland,"""it's a small world""",CLOSED,0,,,2026-08-20T20:10:32.000Z,19,
2026-08-20T22:15:00+02:00,2026-08-20,Thursday,22:15,Disneyland Park,Fantasyland,Alice's Curious Labyrinth,CLOSED,0,,,2026-08-20T20:10:32.000Z,14,
2026-08-20T22:15:00+02:00,2026-08-20,Thursday,22:15,Disneyland Park,Fantasyland,Blanche-Neige et les Sept Nains®,CLOSED,0,,,2026-08-20T20:10:32.000Z,15,
2026-08-20T22:15:00+02:00,2026-08-20,Thursday,22:15,Disneyland Park,Fantasyland,Casey Jr. – le Petit Train du Cirque,CLOSED,0,,,2026-08-20T20:10:32.000Z,17,
2026-08-20T22:15:00+02:00,2026-08-20,Thursday,22:15,Disneyland Park,Fantasyland,Disneyland Railroad Fantasyland Station,CLOSED,0,,,2026-08-20T20:10:32.000Z,2711,
2026-08-20T22:15:00+02:00,2026-08-20,Thursday,22:15,Disneyland Park,Fantasyland,Disneyland Railroad Main Street Station,CLOSED,0,,,2026-08-20T20:10:32.000Z,11,
2026-08-20T22:15:00+02:00,2026-08-20,Thursday,22:15,Disneyland Park,Fantasyland,Dumbo the Flying Elephant,CLOSED,0,,,2026-08-20T20:10:32.000Z,18,
2026-08-20T22:15:00+02:00,2026-08-20,Thursday,22:15,Disneyland Park,Fantasyland,La Tanière du Dragon,CLOSED,0,,,2026-08-20T20:10:32.000Z,2710,
2026-08-20T22:15:00+02:00,2026-08-20,Thursday,22:15,Disneyland Park,Fantasyland,Le Carrousel de Lancelot,CLOSED,0,,,2026-08-20T20:10:32.000Z,16,
2026-08-20T22:15:00+02:00,2026-08-20,Thursday,22:15,Disneyland Park,Fantasyland,"Le Pays des Contes de Fées, presented by Vittel",CLOSED,0,,,2026-08-20T20:10:32.000Z,21,
2026-08-20T22:15:00+02:00,2026-08-20,Thursday,22:15,Disneyland Park,Fantasyland,Les Voyages de Pinocchio,CLOSED,0,,,2026-08-20T20:10:32.000Z,23,
2026-08-20T22:15:00+02:00,2026-08-20,Thursday,22:15,Disneyland Park,Fantasyland,Mad Hatter's Tea Cups,CLOSED,0,,,2026-08-20T20:10:32.000Z,20,
2026-08-20T22:15:00+02:00,2026-08-20,Thursday,22:15,Disneyland Park,Fantasyland,Meet Mickey Mouse,CLOSED,0,,,2026-08-20T20:10:32.000Z,13,
2026-08-20T22:15:00+02:00,2026-08-20,Thursday,22:15,Disneyland Park,Fantasyland,Peter Pan's Flight,CLOSED,0,,,2026-08-20T20:10:32.000Z,22,
2026-08-20T22:15:00+02:00,2026-08-20,Thursday,22:15,Disneyland Park,Fantasyland,Princess Pavilion,CLOSED,0,,,2026-08-20T20:10:32.000Z,24,
2026-08-20T22:15:00+02:00,2026-08-20,Thursday,22:15,Disneyland Park,Frontierland,Big Thunder Mountain,CLOSED,0,,,2026-08-20T20:10:32.000Z,25,
2026-08-20T22:15:00+02:00,2026-08-20,Thursday,22:15,Disneyland Park,Frontierland,Disneyland Railroad Frontierland Depot,CLOSED,0,,,2026-08-20T20:10:32.000Z,2714,
2026-08-20T22:15:00+02:00,2026-08-20,Thursday,22:15,Disneyland Park,Frontierland,Frontierland Playground,CLOSED,0,,,2026-08-20T20:10:32.000Z,2713,
2026-08-20T22:15:00+02:00,2026-08-20,Thursday,22:15,Disneyland Park,Frontierland,Phantom Manor,CLOSED,0,,,2026-08-20T20:10:32.000Z,26,
2026-08-20T22:15:00+02:00,2026-08-20,Thursday,22:15,Disneyland Park,Frontierland,River Rogue Keelboats,CLOSED,0,,,2026-08-20T20:10:32.000Z,27,
2026-08-20T22:15:00+02:00,2026-08-20,Thursday,22:15,Disneyland Park,Frontierland,Rustler Roundup Shootin' Gallery,CLOSED,0,,,2026-08-20T20:10:32.000Z,2712,
2026-08-20T22:15:00+02:00,2026-08-20,Thursday,22:15,Disneyland Park,Frontierland,Thunder Mesa Riverboat Landing,CLOSED,0,,,2026-08-20T20:10:32.000Z,28,
2026-08-20T22:15:00+02:00,2026-08-20,Thursday,22:15,Disneyland Park,Main Street U.S.A,Disneyland Railroad Main Street Station,CLOSED,0,,,2026-08-20T20:10:32.000Z,2708,
2026-08-20T22:15:00+02:00,2026-08-20,Thursday,22:15,Disneyland Park,Main Street U.S.A,Main Street Vehicles,CLOSED,0,,,2026-08-20T20:10:32.000Z,12,
2026-08-20T22:15:00+02:00,2026-08-20,Thursday,22:15,Disney Adventure World,Marvel Avengers Campus,Avengers Assemble: Flight Force,CLOSED,0,0,CLOSED,2026-08-20T20:10:32.000Z,10848,10849
2026-08-20T22:15:00+02:00,2026-08-20,Thursday,22:15,Disney Adventure World,Marvel Avengers Campus,Spider-Man W.E.B. Adventure,CLOSED,0,0,CLOSED,2026-08-20T20:10:32.000Z,10845,10846
2026-08-20T22:15:00+02:00,2026-08-20,Thursday,22:15,Disney Adventure World,Production Courtyard,The Twilight Zone Tower of Terror,CLOSED,0,,,2026-08-20T20:10:32.000Z,40,
2026-08-20T22:15:00+02:00,2026-08-20,Thursday,22:15,Disney Adventure World,Toon Studio,Cars Quatre Roues Rallye,CLOSED,0,,,2026-08-20T20:10:32.000Z,31,
2026-08-20T22:15:00+02:00,2026-08-20,Thursday,22:15,Disney Adventure World,Toon Studio,Cars ROAD TRIP,CLOSED,0,,,2026-08-20T20:10:32.000Z,29,
2026-08-20T22:15:00+02:00,2026-08-20,Thursday,22:15,Disney Adventure World,Toon Studio,Crush's Coaster,CLOSED,0,0,CLOSED,2026-08-20T20:10:32.000Z,32,7277
2026-08-20T22:15:00+02:00,2026-08-20,Thursday,22:15,Disney Adventure World,Toon Studio,Les Tapis Volants - Flying Carpets Over Agrabah®,CLOSED,0,,,2026-08-20T20:10:32.000Z,33,
2026-08-20T22:15:00+02:00,2026-08-20,Thursday,22:15,Disney Adventure World,Toon Studio,Ratatouille : L’Aventure Totalement Toquée de Rémy​,CLOSED,0,0,CLOSED,2026-08-20T20:10:32.000Z,37,7279
2026-08-20T22:15:00+02:00,2026-08-20,Thursday,22:15,Disney Adventure World,Toon Studio,RC Racer,CLOSED,0,0,CLOSED,2026-08-20T20:10:32.000Z,34,7280
2026-08-20T22:15:00+02:00,2026-08-20,Thursday,22:15,Disney Adventure World,Toon Studio,Slinky® Dog Zigzag Spin,CLOSED,0,,,2026-08-20T20:10:32.000Z,36,
2026-08-20T22:15:00+02:00,2026-08-20,Thursday,22:15,Disney Adventure World,Toon Studio,Toy Soldiers Parachute Drop,CLOSED,0,0,CLOSED,2026-08-20T20:10:32.000Z,35,7281
2026-08-20T22:15:00+02:00,2026-08-20,Thursday,22:15,Disney Adventure World,World of Frozen,Entry to World of Frozen,CLOSED,0,,,2026-08-20T20:10:32.000Z,16247,
2026-08-20T22:15:00+02:00,2026-08-20,Thursday,22:15,Disney Adventure World,World of Frozen,Frozen Ever After,CLOSED,0,,,2026-08-20T20:10:32.000Z,15413,
2026-08-20T22:15:00+02:00,2026-08-20,Thursday,22:15,Disney Adventure World,World of Frozen,Raiponce Tangled Spin,CLOSED,0,,,2026-08-20T20:10:32.000Z,15415,
2026-08-20T22:30:00+02:00,2026-08-20,Thursday,22:30,Disneyland Park,Adventureland,Adventure Isle,CLOSED,0,,,2026-08-20T20:25:07.000Z,2702,
2026-08-20T22:30:00+02:00,2026-08-20,Thursday,22:30,Disneyland Park,Adventureland,Indiana Jones™ and the Temple of Peril,CLOSED,0,0,CLOSED,2026-08-20T20:25:07.000Z,2,7306
2026-08-20T22:30:00+02:00,2026-08-20,Thursday,22:30,Disneyland Park,Adventureland,La Cabane des Robinson,CLOSED,0,,,2026-08-20T20:25:07.000Z,1,
2026-08-20T22:30:00+02:00,2026-08-20,Thursday,22:30,Disneyland Park,Adventureland,Le Passage Enchanté d'Aladdin,CLOSED,0,,,2026-08-20T20:25:07.000Z,2703,
2026-08-20T22:30:00+02:00,2026-08-20,Thursday,22:30,Disneyland Park,Adventureland,Pirate Galleon,CLOSED,0,,,2026-08-20T20:25:07.000Z,2705,
2026-08-20T22:30:00+02:00,2026-08-20,Thursday,22:30,Disneyland Park,Adventureland,Pirates of the Caribbean,CLOSED,0,,,2026-08-20T20:25:07.000Z,3,
2026-08-20T22:30:00+02:00,2026-08-20,Thursday,22:30,Disneyland Park,Adventureland,Pirates' Beach,CLOSED,0,,,2026-08-20T20:25:07.000Z,2704,
2026-08-20T22:30:00+02:00,2026-08-20,Thursday,22:30,Disneyland Park,Discoveryland,"Autopia, presented by Avis",CLOSED,0,,,2026-08-20T20:25:07.000Z,4,
2026-08-20T22:30:00+02:00,2026-08-20,Thursday,22:30,Disneyland Park,Discoveryland,Buzz Lightyear Laser Blast,CLOSED,0,,,2026-08-20T20:25:07.000Z,5,
2026-08-20T22:30:00+02:00,2026-08-20,Thursday,22:30,Disneyland Park,Discoveryland,Disneyland Railroad Discoveryland Station,CLOSED,0,,,2026-08-20T20:25:07.000Z,2706,
2026-08-20T22:30:00+02:00,2026-08-20,Thursday,22:30,Disneyland Park,Discoveryland,Les Mystères du Nautilus,CLOSED,0,,,2026-08-20T20:25:07.000Z,6,
2026-08-20T22:30:00+02:00,2026-08-20,Thursday,22:30,Disneyland Park,Discoveryland,Mickey’s PhilharMagic,CLOSED,0,,,2026-08-20T20:25:07.000Z,2707,
2026-08-20T22:30:00+02:00,2026-08-20,Thursday,22:30,Disneyland Park,Discoveryland,Orbitron®,CLOSED,0,,,2026-08-20T20:25:07.000Z,7,
2026-08-20T22:30:00+02:00,2026-08-20,Thursday,22:30,Disneyland Park,Discoveryland,Star Tours: The Adventures Continue*,CLOSED,0,,,2026-08-20T20:25:07.000Z,9,
2026-08-20T22:30:00+02:00,2026-08-20,Thursday,22:30,Disneyland Park,Discoveryland,Star Wars Hyperspace Mountain,CLOSED,0,0,CLOSED,2026-08-20T20:25:07.000Z,8,7278
2026-08-20T22:30:00+02:00,2026-08-20,Thursday,22:30,Disneyland Park,Discoveryland,Welcome to Starport: A Star Wars Encounter,CLOSED,0,,,2026-08-20T20:25:07.000Z,4573,
2026-08-20T22:30:00+02:00,2026-08-20,Thursday,22:30,Disneyland Park,Fantasyland,"""it's a small world""",CLOSED,0,,,2026-08-20T20:25:07.000Z,19,
2026-08-20T22:30:00+02:00,2026-08-20,Thursday,22:30,Disneyland Park,Fantasyland,Alice's Curious Labyrinth,CLOSED,0,,,2026-08-20T20:25:07.000Z,14,
2026-08-20T22:30:00+02:00,2026-08-20,Thursday,22:30,Disneyland Park,Fantasyland,Blanche-Neige et les Sept Nains®,CLOSED,0,,,2026-08-20T20:25:07.000Z,15,
2026-08-20T22:30:00+02:00,2026-08-20,Thursday,22:30,Disneyland Park,Fantasyland,Casey Jr. – le Petit Train du Cirque,CLOSED,0,,,2026-08-20T20:25:07.000Z,17,
2026-08-20T22:30:00+02:00,2026-08-20,Thursday,22:30,Disneyland Park,Fantasyland,Disneyland Railroad Fantasyland Station,CLOSED,0,,,2026-08-20T20:25:07.000Z,2711,
2026-08-20T22:30:00+02:00,2026-08-20,Thursday,22:30,Disneyland Park,Fantasyland,Disneyland Railroad Main Street Station,CLOSED,0,,,2026-08-20T20:25:07.000Z,11,
2026-08-20T22:30:00+02:00,2026-08-20,Thursday,22:30,Disneyland Park,Fantasyland,Dumbo the Flying Elephant,CLOSED,0,,,2026-08-20T20:25:07.000Z,18,
2026-08-20T22:30:00+02:00,2026-08-20,Thursday,22:30,Disneyland Park,Fantasyland,La Tanière du Dragon,CLOSED,0,,,2026-08-20T20:25:07.000Z,2710,
2026-08-20T22:30:00+02:00,2026-08-20,Thursday,22:30,Disneyland Park,Fantasyland,Le Carrousel de Lancelot,CLOSED,0,,,2026-08-20T20:25:07.000Z,16,
2026-08-20T22:30:00+02:00,2026-08-20,Thursday,22:30,Disneyland Park,Fantasyland,"Le Pays des Contes de Fées, presented by Vittel",CLOSED,0,,,2026-08-20T20:25:07.000Z,21,
2026-08-20T22:30:00+02:00,2026-08-20,Thursday,22:30,Disneyland Park,Fantasyland,Les Voyages de Pinocchio,CLOSED,0,,,2026-08-20T20:25:07.000Z,23,
2026-08-20T22:30:00+02:00,2026-08-20,Thursday,22:30,Disneyland Park,Fantasyland,Mad Hatter's Tea Cups,CLOSED,0,,,2026-08-20T20:25:07.000Z,20,
2026-08-20T22:30:00+02:00,2026-08-20,Thursday,22:30,Disneyland Park,Fantasyland,Meet Mickey Mouse,CLOSED,0,,,2026-08-20T20:25:07.000Z,13,
2026-08-20T22:30:00+02:00,2026-08-20,Thursday,22:30,Disneyland Park,Fantasyland,Peter Pan's Flight,CLOSED,0,,,2026-08-20T20:25:07.000Z,22,
2026-08-20T22:30:00+02:00,2026-08-20,Thursday,22:30,Disneyland Park,Fantasyland,Princess Pavilion,CLOSED,0,,,2026-08-20T20:25:07.000Z,24,
2026-08-20T22:30:00+02:00,2026-08-20,Thursday,22:30,Disneyland Park,Frontierland,Big Thunder Mountain,CLOSED,0,,,2026-08-20T20:25:07.000Z,25,
2026-08-20T22:30:00+02:00,2026-08-20,Thursday,22:30,Disneyland Park,Frontierland,Disneyland Railroad Frontierland Depot,CLOSED,0,,,2026-08-20T20:25:07.000Z,2714,
2026-08-20T22:30:00+02:00,2026-08-20,Thursday,22:30,Disneyland Park,Frontierland,Frontierland Playground,CLOSED,0,,,2026-08-20T20:25:07.000Z,2713,
2026-08-20T22:30:00+02:00,2026-08-20,Thursday,22:30,Disneyland Park,Frontierland,Phantom Manor,CLOSED,0,,,2026-08-20T20:25:07.000Z,26,
2026-08-20T22:30:00+02:00,2026-08-20,Thursday,22:30,Disneyland Park,Frontierland,River Rogue Keelboats,CLOSED,0,,,2026-08-20T20:25:07.000Z,27,
2026-08-20T22:30:00+02:00,2026-08-20,Thursday,22:30,Disneyland Park,Frontierland,Rustler Roundup Shootin' Gallery,CLOSED,0,,,2026-08-20T20:25:07.000Z,2712,
2026-08-20T22:30:00+02:00,2026-08-20,Thursday,22:30,Disneyland Park,Frontierland,Thunder Mesa Riverboat Landing,CLOSED,0,,,2026-08-20T20:25:07.000Z,28,
2026-08-20T22:30:00+02:00,2026-08-20,Thursday,22:30,Disneyland Park,Main Street U.S.A,Disneyland Railroad Main Street Station,CLOSED,0,,,2026-08-20T20:25:07.000Z,2708,
2026-08-20T22:30:00+02:00,2026-08-20,Thursday,22:30,Disneyland Park,Main Street U.S.A,Main Street Vehicles,CLOSED,0,,,2026-08-20T20:25:07.000Z,12,
2026-08-20T22:30:00+02:00,2026-08-20,Thursday,22:30,Disney Adventure World,Marvel Avengers Campus,Avengers Assemble: Flight Force,CLOSED,0,0,CLOSED,2026-08-20T20:25:07.000Z,10848,10849
2026-08-20T22:30:00+02:00,2026-08-20,Thursday,22:30,Disney Adventure World,Marvel Avengers Campus,Spider-Man W.E.B. Adventure,CLOSED,0,0,CLOSED,2026-08-20T20:25:07.000Z,10845,10846
2026-08-20T22:30:00+02:00,2026-08-20,Thursday,22:30,Disney Adventure World,Production Courtyard,The Twilight Zone Tower of Terror,CLOSED,0,,,2026-08-20T20:25:07.000Z,40,
2026-08-20T22:30:00+02:00,2026-08-20,Thursday,22:30,Disney Adventure World,Toon Studio,Cars Quatre Roues Rallye,CLOSED,0,,,2026-08-20T20:25:07.000Z,31,
2026-08-20T22:30:00+02:00,2026-08-20,Thursday,22:30,Disney Adventure World,Toon Studio,Cars ROAD TRIP,CLOSED,0,,,2026-08-20T20:25:07.000Z,29,
2026-08-20T22:30:00+02:00,2026-08-20,Thursday,22:30,Disney Adventure World,Toon Studio,Crush's Coaster,CLOSED,0,0,CLOSED,2026-08-20T20:25:07.000Z,32,7277
2026-08-20T22:30:00+02:00,2026-08-20,Thursday,22:30,Disney Adventure World,Toon Studio,Les Tapis Volants - Flying Carpets Over Agrabah®,CLOSED,0,,,2026-08-20T20:25:07.000Z,33,
2026-08-20T22:30:00+02:00,2026-08-20,Thursday,22:30,Disney Adventure World,Toon Studio,Ratatouille : L’Aventure Totalement Toquée de Rémy​,CLOSED,0,0,CLOSED,2026-08-20T20:25:07.000Z,37,7279
2026-08-20T22:30:00+02:00,2026-08-20,Thursday,22:30,Disney Adventure World,Toon Studio,RC Racer,CLOSED,0,0,CLOSED,2026-08-20T20:25:07.000Z,34,7280
2026-08-20T22:30:00+02:00,2026-08-20,Thursday,22:30,Disney Adventure World,Toon Studio,Slinky® Dog Zigzag Spin,CLOSED,0,,,2026-08-20T20:25:07.000Z,36,
2026-08-20T22:30:00+02:00,2026-08-20,Thursday,22:30,Disney Adventure World,Toon Studio,Toy Soldiers Parachute Drop,CLOSED,0,0,CLOSED,2026-08-20T20:25:07.000Z,35,7281
2026-08-20T22:30:00+02:00,2026-08-20,Thursday,22:30,Disney Adventure World,World of Frozen,Entry to World of Frozen,CLOSED,0,,,2026-08-20T20:25:07.000Z,16247,
2026-08-20T22:30:00+02:00,2026-08-20,Thursday,22:30,Disney Adventure World,World of Frozen,Frozen Ever After,CLOSED,0,,,2026-08-20T20:25:07.000Z,15413,
2026-08-20T22:30:00+02:00,2026-08-20,Thursday,22:30,Disney Adventure World,World of Frozen,Raiponce Tangled Spin,CLOSED,0,,,2026-08-20T20:25:07.000Z,15415,
2026-08-20T22:45:00+02:00,2026-08-20,Thursday,22:45,Disneyland Park,Adventureland,Adventure Isle,CLOSED,0,,,2026-08-20T20:40:21.000Z,2702,
2026-08-20T22:45:00+02:00,2026-08-20,Thursday,22:45,Disneyland Park,Adventureland,Indiana Jones™ and the Temple of Peril,CLOSED,0,0,CLOSED,2026-08-20T20:40:21.000Z,2,7306
2026-08-20T22:45:00+02:00,2026-08-20,Thursday,22:45,Disneyland Park,Adventureland,La Cabane des Robinson,CLOSED,0,,,2026-08-20T20:40:21.000Z,1,
2026-08-20T22:45:00+02:00,2026-08-20,Thursday,22:45,Disneyland Park,Adventureland,Le Passage Enchanté d'Aladdin,CLOSED,0,,,2026-08-20T20:40:21.000Z,2703,
2026-08-20T22:45:00+02:00,2026-08-20,Thursday,22:45,Disneyland Park,Adventureland,Pirate Galleon,CLOSED,0,,,2026-08-20T20:40:21.000Z,2705,
2026-08-20T22:45:00+02:00,2026-08-20,Thursday,22:45,Disneyland Park,Adventureland,Pirates of the Caribbean,CLOSED,0,,,2026-08-20T20:40:21.000Z,3,
2026-08-20T22:45:00+02:00,2026-08-20,Thursday,22:45,Disneyland Park,Adventureland,Pirates' Beach,CLOSED,0,,,2026-08-20T20:40:21.000Z,2704,
2026-08-20T22:45:00+02:00,2026-08-20,Thursday,22:45,Disneyland Park,Discoveryland,"Autopia, presented by Avis",CLOSED,0,,,2026-08-20T20:40:21.000Z,4,
2026-08-20T22:45:00+02:00,2026-08-20,Thursday,22:45,Disneyland Park,Discoveryland,Buzz Lightyear Laser Blast,CLOSED,0,,,2026-08-20T20:40:21.000Z,5,
2026-08-20T22:45:00+02:00,2026-08-20,Thursday,22:45,Disneyland Park,Discoveryland,Disneyland Railroad Discoveryland Station,CLOSED,0,,,2026-08-20T20:40:21.000Z,2706,
2026-08-20T22:45:00+02:00,2026-08-20,Thursday,22:45,Disneyland Park,Discoveryland,Les Mystères du Nautilus,CLOSED,0,,,2026-08-20T20:40:21.000Z,6,
2026-08-20T22:45:00+02:00,2026-08-20,Thursday,22:45,Disneyland Park,Discoveryland,Mickey’s PhilharMagic,CLOSED,0,,,2026-08-20T20:40:21.000Z,2707,
2026-08-20T22:45:00+02:00,2026-08-20,Thursday,22:45,Disneyland Park,Discoveryland,Orbitron®,CLOSED,0,,,2026-08-20T20:40:21.000Z,7,
2026-08-20T22:45:00+02:00,2026-08-20,Thursday,22:45,Disneyland Park,Discoveryland,Star Tours: The Adventures Continue*,CLOSED,0,,,2026-08-20T20:40:21.000Z,9,
2026-08-20T22:45:00+02:00,2026-08-20,Thursday,22:45,Disneyland Park,Discoveryland,Star Wars Hyperspace Mountain,CLOSED,0,0,CLOSED,2026-08-20T20:40:21.000Z,8,7278
2026-08-20T22:45:00+02:00,2026-08-20,Thursday,22:45,Disneyland Park,Discoveryland,Welcome to Starport: A Star Wars Encounter,CLOSED,0,,,2026-08-20T20:40:21.000Z,4573,
2026-08-20T22:45:00+02:00,2026-08-20,Thursday,22:45,Disneyland Park,Fantasyland,"""it's a small world""",CLOSED,0,,,2026-08-20T20:40:21.000Z,19,
2026-08-20T22:45:00+02:00,2026-08-20,Thursday,22:45,Disneyland Park,Fantasyland,Alice's Curious Labyrinth,CLOSED,0,,,2026-08-20T20:40:21.000Z,14,
2026-08-20T22:45:00+02:00,2026-08-20,Thursday,22:45,Disneyland Park,Fantasyland,Blanche-Neige et les Sept Nains®,CLOSED,0,,,2026-08-20T20:40:21.000Z,15,
2026-08-20T22:45:00+02:00,2026-08-20,Thursday,22:45,Disneyland Park,Fantasyland,Casey Jr. – le Petit Train du Cirque,CLOSED,0,,,2026-08-20T20:40:21.000Z,17,
2026-08-20T22:45:00+02:00,2026-08-20,Thursday,22:45,Disneyland Park,Fantasyland,Disneyland Railroad Fantasyland Station,CLOSED,0,,,2026-08-20T20:40:21.000Z,2711,
2026-08-20T22:45:00+02:00,2026-08-20,Thursday,22:45,Disneyland Park,Fantasyland,Disneyland Railroad Main Street Station,CLOSED,0,,,2026-08-20T20:40:21.000Z,11,
2026-08-20T22:45:00+02:00,2026-08-20,Thursday,22:45,Disneyland Park,Fantasyland,Dumbo the Flying Elephant,CLOSED,0,,,2026-08-20T20:40:21.000Z,18,
2026-08-20T22:45:00+02:00,2026-08-20,Thursday,22:45,Disneyland Park,Fantasyland,La Tanière du Dragon,CLOSED,0,,,2026-08-20T20:40:21.000Z,2710,
2026-08-20T22:45:00+02:00,2026-08-20,Thursday,22:45,Disneyland Park,Fantasyland,Le Carrousel de Lancelot,CLOSED,0,,,2026-08-20T20:40:21.000Z,16,
2026-08-20T22:45:00+02:00,2026-08-20,Thursday,22:45,Disneyland Park,Fantasyland,"Le Pays des Contes de Fées, presented by Vittel",CLOSED,0,,,2026-08-20T20:40:21.000Z,21,
2026-08-20T22:45:00+02:00,2026-08-20,Thursday,22:45,Disneyland Park,Fantasyland,Les Voyages de Pinocchio,CLOSED,0,,,2026-08-20T20:40:21.000Z,23,
2026-08-20T22:45:00+02:00,2026-08-20,Thursday,22:45,Disneyland Park,Fantasyland,Mad Hatter's Tea Cups,CLOSED,0,,,2026-08-20T20:40:21.000Z,20,
2026-08-20T22:45:00+02:00,2026-08-20,Thursday,22:45,Disneyland Park,Fantasyland,Meet Mickey Mouse,CLOSED,0,,,2026-08-20T20:40:21.000Z,13,
2026-08-20T22:45:00+02:00,2026-08-20,Thursday,22:45,Disneyland Park,Fantasyland,Peter Pan's Flight,CLOSED,0,,,2026-08-20T20:40:21.000Z,22,
2026-08-20T22:45:00+02:00,2026-08-20,Thursday,22:45,Disneyland Park,Fantasyland,Princess Pavilion,CLOSED,0,,,2026-08-20T20:40:21.000Z,24,
2026-08-20T22:45:00+02:00,2026-08-20,Thursday,22:45,Disneyland Park,Frontierland,Big Thunder Mountain,CLOSED,0,,,2026-08-20T20:40:21.000Z,25,
2026-08-20T22:45:00+02:00,2026-08-20,Thursday,22:45,Disneyland Park,Frontierland,Disneyland Railroad Frontierland Depot,CLOSED,0,,,2026-08-20T20:40:21.000Z,2714,
2026-08-20T22:45:00+02:00,2026-08-20,Thursday,22:45,Disneyland Park,Frontierland,Frontierland Playground,CLOSED,0,,,2026-08-20T20:40:21.000Z,2713,
2026-08-20T22:45:00+02:00,2026-08-20,Thursday,22:45,Disneyland Park,Frontierland,Phantom Manor,CLOSED,0,,,2026-08-20T20:40:21.000Z,26,
2026-08-20T22:45:00+02:00,2026-08-20,Thursday,22:45,Disneyland Park,Frontierland,River Rogue Keelboats,CLOSED,0,,,2026-08-20T20:40:21.000Z,27,
2026-08-20T22:45:00+02:00,2026-08-20,Thursday,22:45,Disneyland Park,Frontierland,Rustler Roundup Shootin' Gallery,CLOSED,0,,,2026-08-20T20:40:21.000Z,2712,
2026-08-20T22:45:00+02:00,2026-08-20,Thursday,22:45,Disneyland Park,Frontierland,Thunder Mesa Riverboat Landing,CLOSED,0,,,2026-08-20T20:40:21.000Z,28,
2026-08-20T22:45:00+02:00,2026-08-20,Thursday,22:45,Disneyland Park,Main Street U.S.A,Disneyland Railroad Main Street Station,CLOSED,0,,,2026-08-20T20:40:21.000Z,2708,
2026-08-20T22:45:00+02:00,2026-08-20,Thursday,22:45,Disneyland Park,Main Street U.S.A,Main Street Vehicles,CLOSED,0,,,2026-08-20T20:40:21.000Z,12,
2026-08-20T22:45:00+02:00,2026-08-20,Thursday,22:45,Disney Adventure World,Marvel Avengers Campus,Avengers Assemble: Flight Force,CLOSED,0,0,CLOSED,2026-08-20T20:40:21.000Z,10848,10849
2026-08-20T22:45:00+02:00,2026-08-20,Thursday,22:45,Disney Adventure World,Marvel Avengers Campus,Spider-Man W.E.B. Adventure,CLOSED,0,0,CLOSED,2026-08-20T20:40:21.000Z,10845,10846
2026-08-20T22:45:00+02:00,2026-08-20,Thursday,22:45,Disney Adventure World,Production Courtyard,The Twilight Zone Tower of Terror,CLOSED,0,,,2026-08-20T20:40:21.000Z,40,
2026-08-20T22:45:00+02:00,2026-08-20,Thursday,22:45,Disney Adventure World,Toon Studio,Cars Quatre Roues Rallye,CLOSED,0,,,2026-08-20T20:40:21.000Z,31,
2026-08-20T22:45:00+02:00,2026-08-20,Thursday,22:45,Disney Adventure World,Toon Studio,Cars ROAD TRIP,CLOSED,0,,,2026-08-20T20:40:21.000Z,29,
2026-08-20T22:45:00+02:00,2026-08-20,Thursday,22:45,Disney Adventure World,Toon Studio,Crush's Coaster,CLOSED,0,0,CLOSED,2026-08-20T20:40:21.000Z,32,7277
2026-08-20T22:45:00+02:00,2026-08-20,Thursday,22:45,Disney Adventure World,Toon Studio,Les Tapis Volants - Flying Carpets Over Agrabah®,CLOSED,0,,,2026-08-20T20:40:21.000Z,33,
2026-08-20T22:45:00+02:00,2026-08-20,Thursday,22:45,Disney Adventure World,Toon Studio,Ratatouille : L’Aventure Totalement Toquée de Rémy​,CLOSED,0,0,CLOSED,2026-08-20T20:40:21.000Z,37,7279
2026-08-20T22:45:00+02:00,2026-08-20,Thursday,22:45,Disney Adventure World,Toon Studio,RC Racer,CLOSED,0,0,CLOSED,2026-08-20T20:40:21.000Z,34,7280
2026-08-20T22:45:00+02:00,2026-08-20,Thursday,22:45,Disney Adventure World,Toon Studio,Slinky® Dog Zigzag Spin,CLOSED,0,,,2026-08-20T20:40:21.000Z,36,
2026-08-20T22:45:00+02:00,2026-08-20,Thursday,22:45,Disney Adventure World,Toon Studio,Toy Soldiers Parachute Drop,CLOSED,0,0,CLOSED,2026-08-20T20:40:21.000Z,35,7281
2026-08-20T22:45:00+02:00,2026-08-20,Thursday,22:45,Disney Adventure World,World of Frozen,Entry to World of Frozen,CLOSED,0,,,2026-08-20T20:40:21.000Z,16247,
2026-08-20T22:45:00+02:00,2026-08-20,Thursday,22:45,Disney Adventure World,World of Frozen,Frozen Ever After,CLOSED,0,,,2026-08-20T20:40:21.000Z,15413,
2026-08-20T22:45:00+02:00,2026-08-20,Thursday,22:45,Disney Adventure World,World of Frozen,Raiponce Tangled Spin,CLOSED,0,,,2026-08-20T20:40:21.000Z,15415,
2026-08-20T23:00:00+02:00,2026-08-20,Thursday,23:00,Disneyland Park,Adventureland,Adventure Isle,CLOSED,0,,,2026-08-20T20:55:04.000Z,2702,
2026-08-20T23:00:00+02:00,2026-08-20,Thursday,23:00,Disneyland Park,Adventureland,Indiana Jones™ and the Temple of Peril,CLOSED,0,0,CLOSED,2026-08-20T20:55:04.000Z,2,7306
2026-08-20T23:00:00+02:00,2026-08-20,Thursday,23:00,Disneyland Park,Adventureland,La Cabane des Robinson,CLOSED,0,,,2026-08-20T20:55:04.000Z,1,
2026-08-20T23:00:00+02:00,2026-08-20,Thursday,23:00,Disneyland Park,Adventureland,Le Passage Enchanté d'Aladdin,CLOSED,0,,,2026-08-20T20:55:04.000Z,2703,
2026-08-20T23:00:00+02:00,2026-08-20,Thursday,23:00,Disneyland Park,Adventureland,Pirate Galleon,CLOSED,0,,,2026-08-20T20:55:04.000Z,2705,
2026-08-20T23:00:00+02:00,2026-08-20,Thursday,23:00,Disneyland Park,Adventureland,Pirates of the Caribbean,CLOSED,0,,,2026-08-20T20:55:04.000Z,3,
2026-08-20T23:00:00+02:00,2026-08-20,Thursday,23:00,Disneyland Park,Adventureland,Pirates' Beach,CLOSED,0,,,2026-08-20T20:55:04.000Z,2704,
2026-08-20T23:00:00+02:00,2026-08-20,Thursday,23:00,Disneyland Park,Discoveryland,"Autopia, presented by Avis",CLOSED,0,,,2026-08-20T20:55:04.000Z,4,
2026-08-20T23:00:00+02:00,2026-08-20,Thursday,23:00,Disneyland Park,Discoveryland,Buzz Lightyear Laser Blast,CLOSED,0,,,2026-08-20T20:55:04.000Z,5,
2026-08-20T23:00:00+02:00,2026-08-20,Thursday,23:00,Disneyland Park,Discoveryland,Disneyland Railroad Discoveryland Station,CLOSED,0,,,2026-08-20T20:55:04.000Z,2706,
2026-08-20T23:00:00+02:00,2026-08-20,Thursday,23:00,Disneyland Park,Discoveryland,Les Mystères du Nautilus,CLOSED,0,,,2026-08-20T20:55:04.000Z,6,
2026-08-20T23:00:00+02:00,2026-08-20,Thursday,23:00,Disneyland Park,Discoveryland,Mickey’s PhilharMagic,CLOSED,0,,,2026-08-20T20:55:04.000Z,2707,
2026-08-20T23:00:00+02:00,2026-08-20,Thursday,23:00,Disneyland Park,Discoveryland,Orbitron®,CLOSED,0,,,2026-08-20T20:55:04.000Z,7,
2026-08-20T23:00:00+02:00,2026-08-20,Thursday,23:00,Disneyland Park,Discoveryland,Star Tours: The Adventures Continue*,CLOSED,0,,,2026-08-20T20:55:04.000Z,9,
2026-08-20T23:00:00+02:00,2026-08-20,Thursday,23:00,Disneyland Park,Discoveryland,Star Wars Hyperspace Mountain,CLOSED,0,0,CLOSED,2026-08-20T20:55:04.000Z,8,7278
2026-08-20T23:00:00+02:00,2026-08-20,Thursday,23:00,Disneyland Park,Discoveryland,Welcome to Starport: A Star Wars Encounter,CLOSED,0,,,2026-08-20T20:55:04.000Z,4573,
2026-08-20T23:00:00+02:00,2026-08-20,Thursday,23:00,Disneyland Park,Fantasyland,"""it's a small world""",CLOSED,0,,,2026-08-20T20:55:04.000Z,19,
2026-08-20T23:00:00+02:00,2026-08-20,Thursday,23:00,Disneyland Park,Fantasyland,Alice's Curious Labyrinth,CLOSED,0,,,2026-08-20T20:55:04.000Z,14,
2026-08-20T23:00:00+02:00,2026-08-20,Thursday,23:00,Disneyland Park,Fantasyland,Blanche-Neige et les Sept Nains®,CLOSED,0,,,2026-08-20T20:55:04.000Z,15,
2026-08-20T23:00:00+02:00,2026-08-20,Thursday,23:00,Disneyland Park,Fantasyland,Casey Jr. – le Petit Train du Cirque,CLOSED,0,,,2026-08-20T20:55:04.000Z,17,
2026-08-20T23:00:00+02:00,2026-08-20,Thursday,23:00,Disneyland Park,Fantasyland,Disneyland Railroad Fantasyland Station,CLOSED,0,,,2026-08-20T20:55:04.000Z,2711,
2026-08-20T23:00:00+02:00,2026-08-20,Thursday,23:00,Disneyland Park,Fantasyland,Disneyland Railroad Main Street Station,CLOSED,0,,,2026-08-20T20:55:04.000Z,11,
2026-08-20T23:00:00+02:00,2026-08-20,Thursday,23:00,Disneyland Park,Fantasyland,Dumbo the Flying Elephant,CLOSED,0,,,2026-08-20T20:55:04.000Z,18,
2026-08-20T23:00:00+02:00,2026-08-20,Thursday,23:00,Disneyland Park,Fantasyland,La Tanière du Dragon,CLOSED,0,,,2026-08-20T20:55:04.000Z,2710,
2026-08-20T23:00:00+02:00,2026-08-20,Thursday,23:00,Disneyland Park,Fantasyland,Le Carrousel de Lancelot,CLOSED,0,,,2026-08-20T20:55:04.000Z,16,
2026-08-20T23:00:00+02:00,2026-08-20,Thursday,23:00,Disneyland Park,Fantasyland,"Le Pays des Contes de Fées, presented by Vittel",CLOSED,0,,,2026-08-20T20:55:04.000Z,21,
2026-08-20T23:00:00+02:00,2026-08-20,Thursday,23:00,Disneyland Park,Fantasyland,Les Voyages de Pinocchio,CLOSED,0,,,2026-08-20T20:55:04.000Z,23,
2026-08-20T23:00:00+02:00,2026-08-20,Thursday,23:00,Disneyland Park,Fantasyland,Mad Hatter's Tea Cups,CLOSED,0,,,2026-08-20T20:55:04.000Z,20,
2026-08-20T23:00:00+02:00,2026-08-20,Thursday,23:00,Disneyland Park,Fantasyland,Meet Mickey Mouse,CLOSED,0,,,2026-08-20T20:55:04.000Z,13,
2026-08-20T23:00:00+02:00,2026-08-20,Thursday,23:00,Disneyland Park,Fantasyland,Peter Pan's Flight,CLOSED,0,,,2026-08-20T20:55:04.000Z,22,
2026-08-20T23:00:00+02:00,2026-08-20,Thursday,23:00,Disneyland Park,Fantasyland,Princess Pavilion,CLOSED,0,,,2026-08-20T20:55:04.000Z,24,
2026-08-20T23:00:00+02:00,2026-08-20,Thursday,23:00,Disneyland Park,Frontierland,Big Thunder Mountain,CLOSED,0,,,2026-08-20T20:55:04.000Z,25,
2026-08-20T23:00:00+02:00,2026-08-20,Thursday,23:00,Disneyland Park,Frontierland,Disneyland Railroad Frontierland Depot,CLOSED,0,,,2026-08-20T20:55:04.000Z,2714,
2026-08-20T23:00:00+02:00,2026-08-20,Thursday,23:00,Disneyland Park,Frontierland,Frontierland Playground,CLOSED,0,,,2026-08-20T20:55:04.000Z,2713,
2026-08-20T23:00:00+02:00,2026-08-20,Thursday,23:00,Disneyland Park,Frontierland,Phantom Manor,CLOSED,0,,,2026-08-20T20:55:04.000Z,26,
2026-08-20T23:00:00+02:00,2026-08-20,Thursday,23:00,Disneyland Park,Frontierland,River Rogue Keelboats,CLOSED,0,,,2026-08-20T20:55:04.000Z,27,
2026-08-20T23:00:00+02:00,2026-08-20,Thursday,23:00,Disneyland Park,Frontierland,Rustler Roundup Shootin' Gallery,CLOSED,0,,,2026-08-20T20:55:04.000Z,2712,
2026-08-20T23:00:00+02:00,2026-08-20,Thursday,23:00,Disneyland Park,Frontierland,Thunder Mesa Riverboat Landing,CLOSED,0,,,2026-08-20T20:55:04.000Z,28,
2026-08-20T23:00:00+02:00,2026-08-20,Thursday,23:00,Disneyland Park,Main Street U.S.A,Disneyland Railroad Main Street Station,CLOSED,0,,,2026-08-20T20:55:04.000Z,2708,
2026-08-20T23:00:00+02:00,2026-08-20,Thursday,23:00,Disneyland Park,Main Street U.S.A,Main Street Vehicles,CLOSED,0,,,2026-08-20T20:55:04.000Z,12,
2026-08-20T23:00:00+02:00,2026-08-20,Thursday,23:00,Disney Adventure World,Marvel Avengers Campus,Avengers Assemble: Flight Force,CLOSED,0,0,CLOSED,2026-08-20T20:55:04.000Z,10848,10849
2026-08-20T23:00:00+02:00,2026-08-20,Thursday,23:00,Disney Adventure World,Marvel Avengers Campus,Spider-Man W.E.B. Adventure,CLOSED,0,0,CLOSED,2026-08-20T20:55:04.000Z,10845,10846
2026-08-20T23:00:00+02:00,2026-08-20,Thursday,23:00,Disney Adventure World,Production Courtyard,The Twilight Zone Tower of Terror,CLOSED,0,,,2026-08-20T20:55:04.000Z,40,
2026-08-20T23:00:00+02:00,2026-08-20,Thursday,23:00,Disney Adventure World,Toon Studio,Cars Quatre Roues Rallye,CLOSED,0,,,2026-08-20T20:55:04.000Z,31,
2026-08-20T23:00:00+02:00,2026-08-20,Thursday,23:00,Disney Adventure World,Toon Studio,Cars ROAD TRIP,CLOSED,0,,,2026-08-20T20:55:04.000Z,29,
2026-08-20T23:00:00+02:00,2026-08-20,Thursday,23:00,Disney Adventure World,Toon Studio,Crush's Coaster,CLOSED,0,0,CLOSED,2026-08-20T20:55:04.000Z,32,7277
2026-08-20T23:00:00+02:00,2026-08-20,Thursday,23:00,Disney Adventure World,Toon Studio,Les Tapis Volants - Flying Carpets Over Agrabah®,CLOSED,0,,,2026-08-20T20:55:04.000Z,33,
2026-08-20T23:00:00+02:00,2026-08-20,Thursday,23:00,Disney Adventure World,Toon Studio,Ratatouille : L’Aventure Totalement Toquée de Rémy​,CLOSED,0,0,CLOSED,2026-08-20T20:55:04.000Z,37,7279
2026-08-20T23:00:00+02:00,2026-08-20,Thursday,23:00,Disney Adventure World,Toon Studio,RC Racer,CLOSED,0,0,CLOSED,2026-08-20T20:55:04.000Z,34,7280
2026-08-20T23:00:00+02:00,2026-08-20,Thursday,23:00,Disney Adventure World,Toon Studio,Slinky® Dog Zigzag Spin,CLOSED,0,,,2026-08-20T20:55:04.000Z,36,
2026-08-20T23:00:00+02:00,2026-08-20,Thursday,23:00,Disney Adventure World,Toon Studio,Toy Soldiers Parachute Drop,CLOSED,0,0,CLOSED,2026-08-20T20:55:04.000Z,35,7281
2026-08-20T23:00:00+02:00,2026-08-20,Thursday,23:00,Disney Adventure World,World of Frozen,Entry to World of Frozen,CLOSED,0,,,2026-08-20T20:55:04.000Z,16247,
2026-08-20T23:00:00+02:00,2026-08-20,Thursday,23:00,Disney Adventure World,World of Frozen,Frozen Ever After,CLOSED,0,,,2026-08-20T20:55:04.000Z,15413,
2026-08-20T23:00:00+02:00,2026-08-20,Thursday,23:00,Disney Adventure World,World of Frozen,Raiponce Tangled Spin,CLOSED,0,,,2026-08-20T20:55:04.000Z,15415,
2026-08-20T23:15:00+02:00,2026-08-20,Thursday,23:15,Disneyland Park,Adventureland,Adventure Isle,CLOSED,0,,,2026-08-20T21:10:04.000Z,2702,
2026-08-20T23:15:00+02:00,2026-08-20,Thursday,23:15,Disneyland Park,Adventureland,Indiana Jones™ and the Temple of Peril,CLOSED,0,0,CLOSED,2026-08-20T21:10:04.000Z,2,7306
2026-08-20T23:15:00+02:00,2026-08-20,Thursday,23:15,Disneyland Park,Adventureland,La Cabane des Robinson,CLOSED,0,,,2026-08-20T21:10:04.000Z,1,
2026-08-20T23:15:00+02:00,2026-08-20,Thursday,23:15,Disneyland Park,Adventureland,Le Passage Enchanté d'Aladdin,CLOSED,0,,,2026-08-20T21:10:04.000Z,2703,
2026-08-20T23:15:00+02:00,2026-08-20,Thursday,23:15,Disneyland Park,Adventureland,Pirate Galleon,CLOSED,0,,,2026-08-20T21:10:04.000Z,2705,
2026-08-20T23:15:00+02:00,2026-08-20,Thursday,23:15,Disneyland Park,Adventureland,Pirates of the Caribbean,CLOSED,0,,,2026-08-20T21:10:04.000Z,3,
2026-08-20T23:15:00+02:00,2026-08-20,Thursday,23:15,Disneyland Park,Adventureland,Pirates' Beach,CLOSED,0,,,2026-08-20T21:10:04.000Z,2704,
2026-08-20T23:15:00+02:00,2026-08-20,Thursday,23:15,Disneyland Park,Discoveryland,"Autopia, presented by Avis",CLOSED,0,,,2026-08-20T21:10:04.000Z,4,
2026-08-20T23:15:00+02:00,2026-08-20,Thursday,23:15,Disneyland Park,Discoveryland,Buzz Lightyear Laser Blast,CLOSED,0,,,2026-08-20T21:10:04.000Z,5,
2026-08-20T23:15:00+02:00,2026-08-20,Thursday,23:15,Disneyland Park,Discoveryland,Disneyland Railroad Discoveryland Station,CLOSED,0,,,2026-08-20T21:10:04.000Z,2706,
2026-08-20T23:15:00+02:00,2026-08-20,Thursday,23:15,Disneyland Park,Discoveryland,Les Mystères du Nautilus,CLOSED,0,,,2026-08-20T21:10:04.000Z,6,
2026-08-20T23:15:00+02:00,2026-08-20,Thursday,23:15,Disneyland Park,Discoveryland,Mickey’s PhilharMagic,CLOSED,0,,,2026-08-20T21:10:04.000Z,2707,
2026-08-20T23:15:00+02:00,2026-08-20,Thursday,23:15,Disneyland Park,Discoveryland,Orbitron®,CLOSED,0,,,2026-08-20T21:10:04.000Z,7,
2026-08-20T23:15:00+02:00,2026-08-20,Thursday,23:15,Disneyland Park,Discoveryland,Star Tours: The Adventures Continue*,CLOSED,0,,,2026-08-20T21:10:04.000Z,9,
2026-08-20T23:15:00+02:00,2026-08-20,Thursday,23:15,Disneyland Park,Discoveryland,Star Wars Hyperspace Mountain,CLOSED,0,0,CLOSED,2026-08-20T21:10:04.000Z,8,7278
2026-08-20T23:15:00+02:00,2026-08-20,Thursday,23:15,Disneyland Park,Discoveryland,Welcome to Starport: A Star Wars Encounter,CLOSED,0,,,2026-08-20T21:10:04.000Z,4573,
2026-08-20T23:15:00+02:00,2026-08-20,Thursday,23:15,Disneyland Park,Fantasyland,"""it's a small world""",CLOSED,0,,,2026-08-20T21:10:04.000Z,19,
2026-08-20T23:15:00+02:00,2026-08-20,Thursday,23:15,Disneyland Park,Fantasyland,Alice's Curious Labyrinth,CLOSED,0,,,2026-08-20T21:10:04.000Z,14,
2026-08-20T23:15:00+02:00,2026-08-20,Thursday,23:15,Disneyland Park,Fantasyland,Blanche-Neige et les Sept Nains®,CLOSED,0,,,2026-08-20T21:10:04.000Z,15,
2026-08-20T23:15:00+02:00,2026-08-20,Thursday,23:15,Disneyland Park,Fantasyland,Casey Jr. – le Petit Train du Cirque,CLOSED,0,,,2026-08-20T21:10:04.000Z,17,
2026-08-20T23:15:00+02:00,2026-08-20,Thursday,23:15,Disneyland Park,Fantasyland,Disneyland Railroad Fantasyland Station,CLOSED,0,,,2026-08-20T21:10:04.000Z,2711,
2026-08-20T23:15:00+02:00,2026-08-20,Thursday,23:15,Disneyland Park,Fantasyland,Disneyland Railroad Main Street Station,CLOSED,0,,,2026-08-20T21:10:04.000Z,11,
2026-08-20T23:15:00+02:00,2026-08-20,Thursday,23:15,Disneyland Park,Fantasyland,Dumbo the Flying Elephant,CLOSED,0,,,2026-08-20T21:10:04.000Z,18,
2026-08-20T23:15:00+02:00,2026-08-20,Thursday,23:15,Disneyland Park,Fantasyland,La Tanière du Dragon,CLOSED,0,,,2026-08-20T21:10:04.000Z,2710,
2026-08-20T23:15:00+02:00,2026-08-20,Thursday,23:15,Disneyland Park,Fantasyland,Le Carrousel de Lancelot,CLOSED,0,,,2026-08-20T21:10:04.000Z,16,
2026-08-20T23:15:00+02:00,2026-08-20,Thursday,23:15,Disneyland Park,Fantasyland,"Le Pays des Contes de Fées, presented by Vittel",CLOSED,0,,,2026-08-20T21:10:04.000Z,21,
2026-08-20T23:15:00+02:00,2026-08-20,Thursday,23:15,Disneyland Park,Fantasyland,Les Voyages de Pinocchio,CLOSED,0,,,2026-08-20T21:10:04.000Z,23,
2026-08-20T23:15:00+02:00,2026-08-20,Thursday,23:15,Disneyland Park,Fantasyland,Mad Hatter's Tea Cups,CLOSED,0,,,2026-08-20T21:10:04.000Z,20,
2026-08-20T23:15:00+02:00,2026-08-20,Thursday,23:15,Disneyland Park,Fantasyland,Meet Mickey Mouse,CLOSED,0,,,2026-08-20T21:10:04.000Z,13,
2026-08-20T23:15:00+02:00,2026-08-20,Thursday,23:15,Disneyland Park,Fantasyland,Peter Pan's Flight,CLOSED,0,,,2026-08-20T21:10:04.000Z,22,
2026-08-20T23:15:00+02:00,2026-08-20,Thursday,23:15,Disneyland Park,Fantasyland,Princess Pavilion,CLOSED,0,,,2026-08-20T21:10:04.000Z,24,
2026-08-20T23:15:00+02:00,2026-08-20,Thursday,23:15,Disneyland Park,Frontierland,Big Thunder Mountain,CLOSED,0,,,2026-08-20T21:10:04.000Z,25,
2026-08-20T23:15:00+02:00,2026-08-20,Thursday,23:15,Disneyland Park,Frontierland,Disneyland Railroad Frontierland Depot,CLOSED,0,,,2026-08-20T21:10:04.000Z,2714,
2026-08-20T23:15:00+02:00,2026-08-20,Thursday,23:15,Disneyland Park,Frontierland,Frontierland Playground,CLOSED,0,,,2026-08-20T21:10:04.000Z,2713,
2026-08-20T23:15:00+02:00,2026-08-20,Thursday,23:15,Disneyland Park,Frontierland,Phantom Manor,CLOSED,0,,,2026-08-20T21:10:04.000Z,26,
2026-08-20T23:15:00+02:00,2026-08-20,Thursday,23:15,Disneyland Park,Frontierland,River Rogue Keelboats,CLOSED,0,,,2026-08-20T21:10:04.000Z,27,
2026-08-20T23:15:00+02:00,2026-08-20,Thursday,23:15,Disneyland Park,Frontierland,Rustler Roundup Shootin' Gallery,CLOSED,0,,,2026-08-20T21:10:04.000Z,2712,
2026-08-20T23:15:00+02:00,2026-08-20,Thursday,23:15,Disneyland Park,Frontierland,Thunder Mesa Riverboat Landing,CLOSED,0,,,2026-08-20T21:10:04.000Z,28,
2026-08-20T23:15:00+02:00,2026-08-20,Thursday,23:15,Disneyland Park,Main Street U.S.A,Disneyland Railroad Main Street Station,CLOSED,0,,,2026-08-20T21:10:04.000Z,2708,
2026-08-20T23:15:00+02:00,2026-08-20,Thursday,23:15,Disneyland Park,Main Street U.S.A,Main Street Vehicles,CLOSED,0,,,2026-08-20T21:10:04.000Z,12,
2026-08-20T23:15:00+02:00,2026-08-20,Thursday,23:15,Disney Adventure World,Marvel Avengers Campus,Avengers Assemble: Flight Force,CLOSED,0,0,CLOSED,2026-08-20T21:10:04.000Z,10848,10849
2026-08-20T23:15:00+02:00,2026-08-20,Thursday,23:15,Disney Adventure World,Marvel Avengers Campus,Spider-Man W.E.B. Adventure,CLOSED,0,0,CLOSED,2026-08-20T21:10:04.000Z,10845,10846
2026-08-20T23:15:00+02:00,2026-08-20,Thursday,23:15,Disney Adventure World,Production Courtyard,The Twilight Zone Tower of Terror,CLOSED,0,,,2026-08-20T21:10:04.000Z,40,
2026-08-20T23:15:00+02:00,2026-08-20,Thursday,23:15,Disney Adventure World,Toon Studio,Cars Quatre Roues Rallye,CLOSED,0,,,2026-08-20T21:10:04.000Z,31,
2026-08-20T23:15:00+02:00,2026-08-20,Thursday,23:15,Disney Adventure World,Toon Studio,Cars ROAD TRIP,CLOSED,0,,,2026-08-20T21:10:04.000Z,29,
2026-08-20T23:15:00+02:00,2026-08-20,Thursday,23:15,Disney Adventure World,Toon Studio,Crush's Coaster,CLOSED,0,0,CLOSED,2026-08-20T21:10:04.000Z,32,7277
2026-08-20T23:15:00+02:00,2026-08-20,Thursday,23:15,Disney Adventure World,Toon Studio,Les Tapis Volants - Flying Carpets Over Agrabah®,CLOSED,0,,,2026-08-20T21:10:04.000Z,33,
2026-08-20T23:15:00+02:00,2026-08-20,Thursday,23:15,Disney Adventure World,Toon Studio,Ratatouille : L’Aventure Totalement Toquée de Rémy​,CLOSED,0,0,CLOSED,2026-08-20T21:10:04.000Z,37,7279
2026-08-20T23:15:00+02:00,2026-08-20,Thursday,23:15,Disney Adventure World,Toon Studio,RC Racer,CLOSED,0,0,CLOSED,2026-08-20T21:10:04.000Z,34,7280
2026-08-20T23:15:00+02:00,2026-08-20,Thursday,23:15,Disney Adventure World,Toon Studio,Slinky® Dog Zigzag Spin,CLOSED,0,,,2026-08-20T21:10:04.000Z,36,
2026-08-20T23:15:00+02:00,2026-08-20,Thursday,23:15,Disney Adventure World,Toon Studio,Toy Soldiers Parachute Drop,CLOSED,0,0,CLOSED,2026-08-20T21:10:04.000Z,35,7281
2026-08-20T23:15:00+02:00,2026-08-20,Thursday,23:15,Disney Adventure World,World of Frozen,Entry to World of Frozen,CLOSED,0,,,2026-08-20T21:10:04.000Z,16247,
2026-08-20T23:15:00+02:00,2026-08-20,Thursday,23:15,Disney Adventure World,World of Frozen,Frozen Ever After,CLOSED,0,,,2026-08-20T21:10:04.000Z,15413,
2026-08-20T23:15:00+02:00,2026-08-20,Thursday,23:15,Disney Adventure World,World of Frozen,Raiponce Tangled Spin,CLOSED,0,,,2026-08-20T21:10:04.000Z,15415,
2026-08-20T23:30:00+02:00,2026-08-20,Thursday,23:30,Disneyland Park,Adventureland,Adventure Isle,CLOSED,0,,,2026-08-20T21:25:10.000Z,2702,
2026-08-20T23:30:00+02:00,2026-08-20,Thursday,23:30,Disneyland Park,Adventureland,Indiana Jones™ and the Temple of Peril,CLOSED,0,0,CLOSED,2026-08-20T21:25:10.000Z,2,7306
2026-08-20T23:30:00+02:00,2026-08-20,Thursday,23:30,Disneyland Park,Adventureland,La Cabane des Robinson,CLOSED,0,,,2026-08-20T21:25:10.000Z,1,
2026-08-20T23:30:00+02:00,2026-08-20,Thursday,23:30,Disneyland Park,Adventureland,Le Passage Enchanté d'Aladdin,CLOSED,0,,,2026-08-20T21:25:10.000Z,2703,
2026-08-20T23:30:00+02:00,2026-08-20,Thursday,23:30,Disneyland Park,Adventureland,Pirate Galleon,CLOSED,0,,,2026-08-20T21:25:10.000Z,2705,
2026-08-20T23:30:00+02:00,2026-08-20,Thursday,23:30,Disneyland Park,Adventureland,Pirates of the Caribbean,CLOSED,0,,,2026-08-20T21:25:10.000Z,3,
2026-08-20T23:30:00+02:00,2026-08-20,Thursday,23:30,Disneyland Park,Adventureland,Pirates' Beach,CLOSED,0,,,2026-08-20T21:25:10.000Z,2704,
2026-08-20T23:30:00+02:00,2026-08-20,Thursday,23:30,Disneyland Park,Discoveryland,"Autopia, presented by Avis",CLOSED,0,,,2026-08-20T21:25:10.000Z,4,
2026-08-20T23:30:00+02:00,2026-08-20,Thursday,23:30,Disneyland Park,Discoveryland,Buzz Lightyear Laser Blast,CLOSED,0,,,2026-08-20T21:25:10.000Z,5,
2026-08-20T23:30:00+02:00,2026-08-20,Thursday,23:30,Disneyland Park,Discoveryland,Disneyland Railroad Discoveryland Station,CLOSED,0,,,2026-08-20T21:25:10.000Z,2706,
2026-08-20T23:30:00+02:00,2026-08-20,Thursday,23:30,Disneyland Park,Discoveryland,Les Mystères du Nautilus,CLOSED,0,,,2026-08-20T21:25:10.000Z,6,
2026-08-20T23:30:00+02:00,2026-08-20,Thursday,23:30,Disneyland Park,Discoveryland,Mickey’s PhilharMagic,CLOSED,0,,,2026-08-20T21:25:10.000Z,2707,
2026-08-20T23:30:00+02:00,2026-08-20,Thursday,23:30,Disneyland Park,Discoveryland,Orbitron®,CLOSED,0,,,2026-08-20T21:25:10.000Z,7,
2026-08-20T23:30:00+02:00,2026-08-20,Thursday,23:30,Disneyland Park,Discoveryland,Star Tours: The Adventures Continue*,CLOSED,0,,,2026-08-20T21:25:10.000Z,9,
2026-08-20T23:30:00+02:00,2026-08-20,Thursday,23:30,Disneyland Park,Discoveryland,Star Wars Hyperspace Mountain,CLOSED,0,0,CLOSED,2026-08-20T21:25:10.000Z,8,7278
2026-08-20T23:30:00+02:00,2026-08-20,Thursday,23:30,Disneyland Park,Discoveryland,Welcome to Starport: A Star Wars Encounter,CLOSED,0,,,2026-08-20T21:25:10.000Z,4573,
2026-08-20T23:30:00+02:00,2026-08-20,Thursday,23:30,Disneyland Park,Fantasyland,"""it's a small world""",CLOSED,0,,,2026-08-20T21:25:10.000Z,19,
2026-08-20T23:30:00+02:00,2026-08-20,Thursday,23:30,Disneyland Park,Fantasyland,Alice's Curious Labyrinth,CLOSED,0,,,2026-08-20T21:25:10.000Z,14,
2026-08-20T23:30:00+02:00,2026-08-20,Thursday,23:30,Disneyland Park,Fantasyland,Blanche-Neige et les Sept Nains®,CLOSED,0,,,2026-08-20T21:25:10.000Z,15,
2026-08-20T23:30:00+02:00,2026-08-20,Thursday,23:30,Disneyland Park,Fantasyland,Casey Jr. – le Petit Train du Cirque,CLOSED,0,,,2026-08-20T21:25:10.000Z,17,
2026-08-20T23:30:00+02:00,2026-08-20,Thursday,23:30,Disneyland Park,Fantasyland,Disneyland Railroad Fantasyland Station,CLOSED,0,,,2026-08-20T21:25:10.000Z,2711,
2026-08-20T23:30:00+02:00,2026-08-20,Thursday,23:30,Disneyland Park,Fantasyland,Disneyland Railroad Main Street Station,CLOSED,0,,,2026-08-20T21:25:10.000Z,11,
2026-08-20T23:30:00+02:00,2026-08-20,Thursday,23:30,Disneyland Park,Fantasyland,Dumbo the Flying Elephant,CLOSED,0,,,2026-08-20T21:25:10.000Z,18,
2026-08-20T23:30:00+02:00,2026-08-20,Thursday,23:30,Disneyland Park,Fantasyland,La Tanière du Dragon,CLOSED,0,,,2026-08-20T21:25:10.000Z,2710,
2026-08-20T23:30:00+02:00,2026-08-20,Thursday,23:30,Disneyland Park,Fantasyland,Le Carrousel de Lancelot,CLOSED,0,,,2026-08-20T21:25:10.000Z,16,
2026-08-20T23:30:00+02:00,2026-08-20,Thursday,23:30,Disneyland Park,Fantasyland,"Le Pays des Contes de Fées, presented by Vittel",CLOSED,0,,,2026-08-20T21:25:10.000Z,21,
2026-08-20T23:30:00+02:00,2026-08-20,Thursday,23:30,Disneyland Park,Fantasyland,Les Voyages de Pinocchio,CLOSED,0,,,2026-08-20T21:25:10.000Z,23,
2026-08-20T23:30:00+02:00,2026-08-20,Thursday,23:30,Disneyland Park,Fantasyland,Mad Hatter's Tea Cups,CLOSED,0,,,2026-08-20T21:25:10.000Z,20,
2026-08-20T23:30:00+02:00,2026-08-20,Thursday,23:30,Disneyland Park,Fantasyland,Meet Mickey Mouse,CLOSED,0,,,2026-08-20T21:25:10.000Z,13,
2026-08-20T23:30:00+02:00,2026-08-20,Thursday,23:30,Disneyland Park,Fantasyland,Peter Pan's Flight,CLOSED,0,,,2026-08-20T21:25:10.000Z,22,
2026-08-20T23:30:00+02:00,2026-08-20,Thursday,23:30,Disneyland Park,Fantasyland,Princess Pavilion,CLOSED,0,,,2026-08-20T21:25:10.000Z,24,
2026-08-20T23:30:00+02:00,2026-08-20,Thursday,23:30,Disneyland Park,Frontierland,Big Thunder Mountain,CLOSED,0,,,2026-08-20T21:25:10.000Z,25,
2026-08-20T23:30:00+02:00,2026-08-20,Thursday,23:30,Disneyland Park,Frontierland,Disneyland Railroad Frontierland Depot,CLOSED,0,,,2026-08-20T21:25:10.000Z,2714,
2026-08-20T23:30:00+02:00,2026-08-20,Thursday,23:30,Disneyland Park,Frontierland,Frontierland Playground,CLOSED,0,,,2026-08-20T21:25:10.000Z,2713,
2026-08-20T23:30:00+02:00,2026-08-20,Thursday,23:30,Disneyland Park,Frontierland,Phantom Manor,CLOSED,0,,,2026-08-20T21:25:10.000Z,26,
2026-08-20T23:30:00+02:00,2026-08-20,Thursday,23:30,Disneyland Park,Frontierland,River Rogue Keelboats,CLOSED,0,,,2026-08-20T21:25:10.000Z,27,
2026-08-20T23:30:00+02:00,2026-08-20,Thursday,23:30,Disneyland Park,Frontierland,Rustler Roundup Shootin' Gallery,CLOSED,0,,,2026-08-20T21:25:10.000Z,2712,
2026-08-20T23:30:00+02:00,2026-08-20,Thursday,23:30,Disneyland Park,Frontierland,Thunder Mesa Riverboat Landing,CLOSED,0,,,2026-08-20T21:25:10.000Z,28,
2026-08-20T23:30:00+02:00,2026-08-20,Thursday,23:30,Disneyland Park,Main Street U.S.A,Disneyland Railroad Main Street Station,CLOSED,0,,,2026-08-20T21:25:10.000Z,2708,
2026-08-20T23:30:00+02:00,2026-08-20,Thursday,23:30,Disneyland Park,Main Street U.S.A,Main Street Vehicles,CLOSED,0,,,2026-08-20T21:25:10.000Z,12,
2026-08-20T23:30:00+02:00,2026-08-20,Thursday,23:30,Disney Adventure World,Marvel Avengers Campus,Avengers Assemble: Flight Force,CLOSED,0,0,CLOSED,2026-08-20T21:25:10.000Z,10848,10849
2026-08-20T23:30:00+02:00,2026-08-20,Thursday,23:30,Disney Adventure World,Marvel Avengers Campus,Spider-Man W.E.B. Adventure,CLOSED,0,0,CLOSED,2026-08-20T21:25:10.000Z,10845,10846
2026-08-20T23:30:00+02:00,2026-08-20,Thursday,23:30,Disney Adventure World,Production Courtyard,The Twilight Zone Tower of Terror,CLOSED,0,,,2026-08-20T21:25:10.000Z,40,
2026-08-20T23:30:00+02:00,2026-08-20,Thursday,23:30,Disney Adventure World,Toon Studio,Cars Quatre Roues Rallye,CLOSED,0,,,2026-08-20T21:25:10.000Z,31,
2026-08-20T23:30:00+02:00,2026-08-20,Thursday,23:30,Disney Adventure World,Toon Studio,Cars ROAD TRIP,CLOSED,0,,,2026-08-20T21:25:10.000Z,29,
2026-08-20T23:30:00+02:00,2026-08-20,Thursday,23:30,Disney Adventure World,Toon Studio,Crush's Coaster,CLOSED,0,0,CLOSED,2026-08-20T21:25:10.000Z,32,7277
2026-08-20T23:30:00+02:00,2026-08-20,Thursday,23:30,Disney Adventure World,Toon Studio,Les Tapis Volants - Flying Carpets Over Agrabah®,CLOSED,0,,,2026-08-20T21:25:10.000Z,33,
2026-08-20T23:30:00+02:00,2026-08-20,Thursday,23:30,Disney Adventure World,Toon Studio,Ratatouille : L’Aventure Totalement Toquée de Rémy​,CLOSED,0,0,CLOSED,2026-08-20T21:25:10.000Z,37,7279
2026-08-20T23:30:00+02:00,2026-08-20,Thursday,23:30,Disney Adventure World,Toon Studio,RC Racer,CLOSED,0,0,CLOSED,2026-08-20T21:25:10.000Z,34,7280
2026-08-20T23:30:00+02:00,2026-08-20,Thursday,23:30,Disney Adventure World,Toon Studio,Slinky® Dog Zigzag Spin,CLOSED,0,,,2026-08-20T21:25:10.000Z,36,
2026-08-20T23:30:00+02:00,2026-08-20,Thursday,23:30,Disney Adventure World,Toon Studio,Toy Soldiers Parachute Drop,CLOSED,0,0,CLOSED,2026-08-20T21:25:10.000Z,35,7281
2026-08-20T23:30:00+02:00,2026-08-20,Thursday,23:30,Disney Adventure World,World of Frozen,Entry to World of Frozen,CLOSED,0,,,2026-08-20T21:25:10.000Z,16247,
2026-08-20T23:30:00+02:00,2026-08-20,Thursday,23:30,Disney Adventure World,World of Frozen,Frozen Ever After,CLOSED,0,,,2026-08-20T21:25:10.000Z,15413,
2026-08-20T23:30:00+02:00,2026-08-20,Thursday,23:30,Disney Adventure World,World of Frozen,Raiponce Tangled Spin,CLOSED,0,,,2026-08-20T21:25:10.000Z,15415,
2026-08-20T23:45:00+02:00,2026-08-20,Thursday,23:45,Disneyland Park,Adventureland,Adventure Isle,CLOSED,0,,,2026-08-20T21:40:04.000Z,2702,
2026-08-20T23:45:00+02:00,2026-08-20,Thursday,23:45,Disneyland Park,Adventureland,Indiana Jones™ and the Temple of Peril,CLOSED,0,0,CLOSED,2026-08-20T21:40:04.000Z,2,7306
2026-08-20T23:45:00+02:00,2026-08-20,Thursday,23:45,Disneyland Park,Adventureland,La Cabane des Robinson,CLOSED,0,,,2026-08-20T21:40:04.000Z,1,
2026-08-20T23:45:00+02:00,2026-08-20,Thursday,23:45,Disneyland Park,Adventureland,Le Passage Enchanté d'Aladdin,CLOSED,0,,,2026-08-20T21:40:04.000Z,2703,
2026-08-20T23:45:00+02:00,2026-08-20,Thursday,23:45,Disneyland Park,Adventureland,Pirate Galleon,CLOSED,0,,,2026-08-20T21:40:04.000Z,2705,
2026-08-20T23:45:00+02:00,2026-08-20,Thursday,23:45,Disneyland Park,Adventureland,Pirates of the Caribbean,CLOSED,0,,,2026-08-20T21:40:04.000Z,3,
2026-08-20T23:45:00+02:00,2026-08-20,Thursday,23:45,Disneyland Park,Adventureland,Pirates' Beach,CLOSED,0,,,2026-08-20T21:40:04.000Z,2704,
2026-08-20T23:45:00+02:00,2026-08-20,Thursday,23:45,Disneyland Park,Discoveryland,"Autopia, presented by Avis",CLOSED,0,,,2026-08-20T21:40:04.000Z,4,
2026-08-20T23:45:00+02:00,2026-08-20,Thursday,23:45,Disneyland Park,Discoveryland,Buzz Lightyear Laser Blast,CLOSED,0,,,2026-08-20T21:40:04.000Z,5,
2026-08-20T23:45:00+02:00,2026-08-20,Thursday,23:45,Disneyland Park,Discoveryland,Disneyland Railroad Discoveryland Station,CLOSED,0,,,2026-08-20T21:40:04.000Z,2706,
2026-08-20T23:45:00+02:00,2026-08-20,Thursday,23:45,Disneyland Park,Discoveryland,Les Mystères du Nautilus,CLOSED,0,,,2026-08-20T21:40:04.000Z,6,
2026-08-20T23:45:00+02:00,2026-08-20,Thursday,23:45,Disneyland Park,Discoveryland,Mickey’s PhilharMagic,CLOSED,0,,,2026-08-20T21:40:04.000Z,2707,
2026-08-20T23:45:00+02:00,2026-08-20,Thursday,23:45,Disneyland Park,Discoveryland,Orbitron®,CLOSED,0,,,2026-08-20T21:40:04.000Z,7,
2026-08-20T23:45:00+02:00,2026-08-20,Thursday,23:45,Disneyland Park,Discoveryland,Star Tours: The Adventures Continue*,CLOSED,0,,,2026-08-20T21:40:04.000Z,9,
2026-08-20T23:45:00+02:00,2026-08-20,Thursday,23:45,Disneyland Park,Discoveryland,Star Wars Hyperspace Mountain,CLOSED,0,0,CLOSED,2026-08-20T21:40:04.000Z,8,7278
2026-08-20T23:45:00+02:00,2026-08-20,Thursday,23:45,Disneyland Park,Discoveryland,Welcome to Starport: A Star Wars Encounter,CLOSED,0,,,2026-08-20T21:40:04.000Z,4573,
2026-08-20T23:45:00+02:00,2026-08-20,Thursday,23:45,Disneyland Park,Fantasyland,"""it's a small world""",CLOSED,0,,,2026-08-20T21:40:04.000Z,19,
2026-08-20T23:45:00+02:00,2026-08-20,Thursday,23:45,Disneyland Park,Fantasyland,Alice's Curious Labyrinth,CLOSED,0,,,2026-08-20T21:40:04.000Z,14,
2026-08-20T23:45:00+02:00,2026-08-20,Thursday,23:45,Disneyland Park,Fantasyland,Blanche-Neige et les Sept Nains®,CLOSED,0,,,2026-08-20T21:40:04.000Z,15,
2026-08-20T23:45:00+02:00,2026-08-20,Thursday,23:45,Disneyland Park,Fantasyland,Casey Jr. – le Petit Train du Cirque,CLOSED,0,,,2026-08-20T21:40:04.000Z,17,
2026-08-20T23:45:00+02:00,2026-08-20,Thursday,23:45,Disneyland Park,Fantasyland,Disneyland Railroad Fantasyland Station,CLOSED,0,,,2026-08-20T21:40:04.000Z,2711,
2026-08-20T23:45:00+02:00,2026-08-20,Thursday,23:45,Disneyland Park,Fantasyland,Disneyland Railroad Main Street Station,CLOSED,0,,,2026-08-20T21:40:04.000Z,11,
2026-08-20T23:45:00+02:00,2026-08-20,Thursday,23:45,Disneyland Park,Fantasyland,Dumbo the Flying Elephant,CLOSED,0,,,2026-08-20T21:40:04.000Z,18,
2026-08-20T23:45:00+02:00,2026-08-20,Thursday,23:45,Disneyland Park,Fantasyland,La Tanière du Dragon,CLOSED,0,,,2026-08-20T21:40:04.000Z,2710,
2026-08-20T23:45:00+02:00,2026-08-20,Thursday,23:45,Disneyland Park,Fantasyland,Le Carrousel de Lancelot,CLOSED,0,,,2026-08-20T21:40:04.000Z,16,
2026-08-20T23:45:00+02:00,2026-08-20,Thursday,23:45,Disneyland Park,Fantasyland,"Le Pays des Contes de Fées, presented by Vittel",CLOSED,0,,,2026-08-20T21:40:04.000Z,21,
2026-08-20T23:45:00+02:00,2026-08-20,Thursday,23:45,Disneyland Park,Fantasyland,Les Voyages de Pinocchio,CLOSED,0,,,2026-08-20T21:40:04.000Z,23,
2026-08-20T23:45:00+02:00,2026-08-20,Thursday,23:45,Disneyland Park,Fantasyland,Mad Hatter's Tea Cups,CLOSED,0,,,2026-08-20T21:40:04.000Z,20,
2026-08-20T23:45:00+02:00,2026-08-20,Thursday,23:45,Disneyland Park,Fantasyland,Meet Mickey Mouse,CLOSED,0,,,2026-08-20T21:40:04.000Z,13,
2026-08-20T23:45:00+02:00,2026-08-20,Thursday,23:45,Disneyland Park,Fantasyland,Peter Pan's Flight,CLOSED,0,,,2026-08-20T21:40:04.000Z,22,
2026-08-20T23:45:00+02:00,2026-08-20,Thursday,23:45,Disneyland Park,Fantasyland,Princess Pavilion,CLOSED,0,,,2026-08-20T21:40:04.000Z,24,
2026-08-20T23:45:00+02:00,2026-08-20,Thursday,23:45,Disneyland Park,Frontierland,Big Thunder Mountain,CLOSED,0,,,2026-08-20T21:40:04.000Z,25,
2026-08-20T23:45:00+02:00,2026-08-20,Thursday,23:45,Disneyland Park,Frontierland,Disneyland Railroad Frontierland Depot,CLOSED,0,,,2026-08-20T21:40:04.000Z,2714,
2026-08-20T23:45:00+02:00,2026-08-20,Thursday,23:45,Disneyland Park,Frontierland,Frontierland Playground,CLOSED,0,,,2026-08-20T21:40:04.000Z,2713,
2026-08-20T23:45:00+02:00,2026-08-20,Thursday,23:45,Disneyland Park,Frontierland,Phantom Manor,CLOSED,0,,,2026-08-20T21:40:04.000Z,26,
2026-08-20T23:45:00+02:00,2026-08-20,Thursday,23:45,Disneyland Park,Frontierland,River Rogue Keelboats,CLOSED,0,,,2026-08-20T21:40:04.000Z,27,
2026-08-20T23:45:00+02:00,2026-08-20,Thursday,23:45,Disneyland Park,Frontierland,Rustler Roundup Shootin' Gallery,CLOSED,0,,,2026-08-20T21:40:04.000Z,2712,
2026-08-20T23:45:00+02:00,2026-08-20,Thursday,23:45,Disneyland Park,Frontierland,Thunder Mesa Riverboat Landing,CLOSED,0,,,2026-08-20T21:40:04.000Z,28,
2026-08-20T23:45:00+02:00,2026-08-20,Thursday,23:45,Disneyland Park,Main Street U.S.A,Disneyland Railroad Main Street Station,CLOSED,0,,,2026-08-20T21:40:04.000Z,2708,
2026-08-20T23:45:00+02:00,2026-08-20,Thursday,23:45,Disneyland Park,Main Street U.S.A,Main Street Vehicles,CLOSED,0,,,2026-08-20T21:40:04.000Z,12,
2026-08-20T23:45:00+02:00,2026-08-20,Thursday,23:45,Disney Adventure World,Marvel Avengers Campus,Avengers Assemble: Flight Force,CLOSED,0,0,CLOSED,2026-08-20T21:40:04.000Z,10848,10849
2026-08-20T23:45:00+02:00,2026-08-20,Thursday,23:45,Disney Adventure World,Marvel Avengers Campus,Spider-Man W.E.B. Adventure,CLOSED,0,0,CLOSED,2026-08-20T21:40:04.000Z,10845,10846
2026-08-20T23:45:00+02:00,2026-08-20,Thursday,23:45,Disney Adventure World,Production Courtyard,The Twilight Zone Tower of Terror,CLOSED,0,,,2026-08-20T21:40:04.000Z,40,
2026-08-20T23:45:00+02:00,2026-08-20,Thursday,23:45,Disney Adventure World,Toon Studio,Cars Quatre Roues Rallye,CLOSED,0,,,2026-08-20T21:40:04.000Z,31,
2026-08-20T23:45:00+02:00,2026-08-20,Thursday,23:45,Disney Adventure World,Toon Studio,Cars ROAD TRIP,CLOSED,0,,,2026-08-20T21:40:04.000Z,29,
2026-08-20T23:45:00+02:00,2026-08-20,Thursday,23:45,Disney Adventure World,Toon Studio,Crush's Coaster,CLOSED,0,0,CLOSED,2026-08-20T21:40:04.000Z,32,7277
2026-08-20T23:45:00+02:00,2026-08-20,Thursday,23:45,Disney Adventure World,Toon Studio,Les Tapis Volants - Flying Carpets Over Agrabah®,CLOSED,0,,,2026-08-20T21:40:04.000Z,33,
2026-08-20T23:45:00+02:00,2026-08-20,Thursday,23:45,Disney Adventure World,Toon Studio,Ratatouille : L’Aventure Totalement Toquée de Rémy​,CLOSED,0,0,CLOSED,2026-08-20T21:40:04.000Z,37,7279
2026-08-20T23:45:00+02:00,2026-08-20,Thursday,23:45,Disney Adventure World,Toon Studio,RC Racer,CLOSED,0,0,CLOSED,2026-08-20T21:40:04.000Z,34,7280
2026-08-20T23:45:00+02:00,2026-08-20,Thursday,23:45,Disney Adventure World,Toon Studio,Slinky® Dog Zigzag Spin,CLOSED,0,,,2026-08-20T21:40:04.000Z,36,
2026-08-20T23:45:00+02:00,2026-08-20,Thursday,23:45,Disney Adventure World,Toon Studio,Toy Soldiers Parachute Drop,CLOSED,0,0,CLOSED,2026-08-20T21:40:04.000Z,35,7281
2026-08-20T23:45:00+02:00,2026-08-20,Thursday,23:45,Disney Adventure World,World of Frozen,Entry to World of Frozen,CLOSED,0,,,2026-08-20T21:40:04.000Z,16247,
2026-08-20T23:45:00+02:00,2026-08-20,Thursday,23:45,Disney Adventure World,World of Frozen,Frozen Ever After,CLOSED,0,,,2026-08-20T21:40:04.000Z,15413,
2026-08-20T23:45:00+02:00,2026-08-20,Thursday,23:45,Disney Adventure World,World of Frozen,Raiponce Tangled Spin,CLOSED,0,,,2026-08-20T21:40:04.000Z,15415,
2026-08-21T08:00:00+02:00,2026-08-21,Friday,08:00,Disneyland Park,Adventureland,Adventure Isle,CLOSED,0,,,2026-08-21T05:55:03.000Z,2702,
2026-08-21T08:00:00+02:00,2026-08-21,Friday,08:00,Disneyland Park,Adventureland,Indiana Jones™ and the Temple of Peril,CLOSED,0,0,CLOSED,2026-08-21T05:55:03.000Z,2,7306
2026-08-21T08:00:00+02:00,2026-08-21,Friday,08:00,Disneyland Park,Adventureland,La Cabane des Robinson,CLOSED,0,,,2026-08-21T05:55:03.000Z,1,
2026-08-21T08:00:00+02:00,2026-08-21,Friday,08:00,Disneyland Park,Adventureland,Le Passage Enchanté d'Aladdin,CLOSED,0,,,2026-08-21T05:55:03.000Z,2703,
2026-08-21T08:00:00+02:00,2026-08-21,Friday,08:00,Disneyland Park,Adventureland,Pirate Galleon,CLOSED,0,,,2026-08-21T05:55:03.000Z,2705,
2026-08-21T08:00:00+02:00,2026-08-21,Friday,08:00,Disneyland Park,Adventureland,Pirates of the Caribbean,CLOSED,0,,,2026-08-21T05:55:03.000Z,3,
2026-08-21T08:00:00+02:00,2026-08-21,Friday,08:00,Disneyland Park,Adventureland,Pirates' Beach,CLOSED,0,,,2026-08-21T05:55:03.000Z,2704,
2026-08-21T08:00:00+02:00,2026-08-21,Friday,08:00,Disneyland Park,Discoveryland,"Autopia, presented by Avis",CLOSED,0,,,2026-08-21T05:55:03.000Z,4,
2026-08-21T08:00:00+02:00,2026-08-21,Friday,08:00,Disneyland Park,Discoveryland,Buzz Lightyear Laser Blast,CLOSED,0,,,2026-08-21T05:55:03.000Z,5,
2026-08-21T08:00:00+02:00,2026-08-21,Friday,08:00,Disneyland Park,Discoveryland,Disneyland Railroad Discoveryland Station,CLOSED,0,,,2026-08-21T05:55:03.000Z,2706,
2026-08-21T08:00:00+02:00,2026-08-21,Friday,08:00,Disneyland Park,Discoveryland,Les Mystères du Nautilus,CLOSED,0,,,2026-08-21T05:55:03.000Z,6,
2026-08-21T08:00:00+02:00,2026-08-21,Friday,08:00,Disneyland Park,Discoveryland,Mickey’s PhilharMagic,CLOSED,0,,,2026-08-21T05:55:03.000Z,2707,
2026-08-21T08:00:00+02:00,2026-08-21,Friday,08:00,Disneyland Park,Discoveryland,Orbitron®,CLOSED,0,,,2026-08-21T05:55:03.000Z,7,
2026-08-21T08:00:00+02:00,2026-08-21,Friday,08:00,Disneyland Park,Discoveryland,Star Tours: The Adventures Continue*,CLOSED,0,,,2026-08-21T05:55:03.000Z,9,
2026-08-21T08:00:00+02:00,2026-08-21,Friday,08:00,Disneyland Park,Discoveryland,Star Wars Hyperspace Mountain,CLOSED,0,0,CLOSED,2026-08-21T05:55:03.000Z,8,7278
2026-08-21T08:00:00+02:00,2026-08-21,Friday,08:00,Disneyland Park,Discoveryland,Welcome to Starport: A Star Wars Encounter,CLOSED,0,,,2026-08-21T05:55:03.000Z,4573,
2026-08-21T08:00:00+02:00,2026-08-21,Friday,08:00,Disneyland Park,Fantasyland,"""it's a small world""",CLOSED,0,,,2026-08-21T05:55:03.000Z,19,
2026-08-21T08:00:00+02:00,2026-08-21,Friday,08:00,Disneyland Park,Fantasyland,Alice's Curious Labyrinth,CLOSED,0,,,2026-08-21T05:55:03.000Z,14,
2026-08-21T08:00:00+02:00,2026-08-21,Friday,08:00,Disneyland Park,Fantasyland,Blanche-Neige et les Sept Nains®,CLOSED,0,,,2026-08-21T05:55:03.000Z,15,
2026-08-21T08:00:00+02:00,2026-08-21,Friday,08:00,Disneyland Park,Fantasyland,Casey Jr. – le Petit Train du Cirque,CLOSED,0,,,2026-08-21T05:55:03.000Z,17,
2026-08-21T08:00:00+02:00,2026-08-21,Friday,08:00,Disneyland Park,Fantasyland,Disneyland Railroad Fantasyland Station,CLOSED,0,,,2026-08-21T05:55:03.000Z,2711,
2026-08-21T08:00:00+02:00,2026-08-21,Friday,08:00,Disneyland Park,Fantasyland,Disneyland Railroad Main Street Station,CLOSED,0,,,2026-08-21T05:55:03.000Z,11,
2026-08-21T08:00:00+02:00,2026-08-21,Friday,08:00,Disneyland Park,Fantasyland,Dumbo the Flying Elephant,CLOSED,0,,,2026-08-21T05:55:03.000Z,18,
2026-08-21T08:00:00+02:00,2026-08-21,Friday,08:00,Disneyland Park,Fantasyland,La Tanière du Dragon,CLOSED,0,,,2026-08-21T05:55:03.000Z,2710,
2026-08-21T08:00:00+02:00,2026-08-21,Friday,08:00,Disneyland Park,Fantasyland,Le Carrousel de Lancelot,CLOSED,0,,,2026-08-21T05:55:03.000Z,16,
2026-08-21T08:00:00+02:00,2026-08-21,Friday,08:00,Disneyland Park,Fantasyland,"Le Pays des Contes de Fées, presented by Vittel",CLOSED,0,,,2026-08-21T05:55:03.000Z,21,
2026-08-21T08:00:00+02:00,2026-08-21,Friday,08:00,Disneyland Park,Fantasyland,Les Voyages de Pinocchio,CLOSED,0,,,2026-08-21T05:55:03.000Z,23,
2026-08-21T08:00:00+02:00,2026-08-21,Friday,08:00,Disneyland Park,Fantasyland,Mad Hatter's Tea Cups,CLOSED,0,,,2026-08-21T05:55:03.000Z,20,
2026-08-21T08:00:00+02:00,2026-08-21,Friday,08:00,Disneyland Park,Fantasyland,Meet Mickey Mouse,CLOSED,0,,,2026-08-21T05:55:03.000Z,13,
2026-08-21T08:00:00+02:00,2026-08-21,Friday,08:00,Disneyland Park,Fantasyland,Peter Pan's Flight,CLOSED,0,,,2026-08-21T05:55:03.000Z,22,
2026-08-21T08:00:00+02:00,2026-08-21,Friday,08:00,Disneyland Park,Fantasyland,Princess Pavilion,CLOSED,0,,,2026-08-21T05:55:03.000Z,24,
2026-08-21T08:00:00+02:00,2026-08-21,Friday,08:00,Disneyland Park,Frontierland,Big Thunder Mountain,CLOSED,0,,,2026-08-21T05:55:03.000Z,25,
2026-08-21T08:00:00+02:00,2026-08-21,Friday,08:00,Disneyland Park,Frontierland,Disneyland Railroad Frontierland Depot,CLOSED,0,,,2026-08-21T05:55:03.000Z,2714,
2026-08-21T08:00:00+02:00,2026-08-21,Friday,08:00,Disneyland Park,Frontierland,Frontierland Playground,CLOSED,0,,,2026-08-21T05:55:03.000Z,2713,
2026-08-21T08:00:00+02:00,2026-08-21,Friday,08:00,Disneyland Park,Frontierland,Phantom Manor,CLOSED,0,,,2026-08-21T05:55:03.000Z,26,
2026-08-21T08:00:00+02:00,2026-08-21,Friday,08:00,Disneyland Park,Frontierland,River Rogue Keelboats,CLOSED,0,,,2026-08-21T05:55:03.000Z,27,
2026-08-21T08:00:00+02:00,2026-08-21,Friday,08:00,Disneyland Park,Frontierland,Rustler Roundup Shootin' Gallery,CLOSED,0,,,2026-08-21T05:55:03.000Z,2712,
2026-08-21T08:00:00+02:00,2026-08-21,Friday,08:00,Disneyland Park,Frontierland,Thunder Mesa Riverboat Landing,CLOSED,0,,,2026-08-21T05:55:03.000Z,28,
2026-08-21T08:00:00+02:00,2026-08-21,Friday,08:00,Disneyland Park,Main Street U.S.A,Disneyland Railroad Main Street Station,CLOSED,0,,,2026-08-21T05:55:03.000Z,2708,
2026-08-21T08:00:00+02:00,2026-08-21,Friday,08:00,Disneyland Park,Main Street U.S.A,Main Street Vehicles,CLOSED,0,,,2026-08-21T05:55:03.000Z,12,
2026-08-21T08:00:00+02:00,2026-08-21,Friday,08:00,Disney Adventure World,Marvel Avengers Campus,Avengers Assemble: Flight Force,CLOSED,0,0,CLOSED,2026-08-21T05:55:03.000Z,10848,10849
2026-08-21T08:00:00+02:00,2026-08-21,Friday,08:00,Disney Adventure World,Marvel Avengers Campus,Spider-Man W.E.B. Adventure,CLOSED,0,0,CLOSED,2026-08-21T05:55:03.000Z,10845,10846
2026-08-21T08:00:00+02:00,2026-08-21,Friday,08:00,Disney Adventure World,Production Courtyard,The Twilight Zone Tower of Terror,CLOSED,0,,,2026-08-21T05:55:03.000Z,40,
2026-08-21T08:00:00+02:00,2026-08-21,Friday,08:00,Disney Adventure World,Toon Studio,Cars Quatre Roues Rallye,CLOSED,0,,,2026-08-21T05:55:03.000Z,31,
2026-08-21T08:00:00+02:00,2026-08-21,Friday,08:00,Disney Adventure World,Toon Studio,Cars ROAD TRIP,CLOSED,0,,,2026-08-21T05:55:03.000Z,29,
2026-08-21T08:00:00+02:00,2026-08-21,Friday,08:00,Disney Adventure World,Toon Studio,Crush's Coaster,CLOSED,0,0,CLOSED,2026-08-21T05:55:03.000Z,32,7277
2026-08-21T08:00:00+02:00,2026-08-21,Friday,08:00,Disney Adventure World,Toon Studio,Les Tapis Volants - Flying Carpets Over Agrabah®,CLOSED,0,,,2026-08-21T05:55:03.000Z,33,
2026-08-21T08:00:00+02:00,2026-08-21,Friday,08:00,Disney Adventure World,Toon Studio,Ratatouille : L’Aventure Totalement Toquée de Rémy​,CLOSED,0,0,CLOSED,2026-08-21T05:55:03.000Z,37,7279
2026-08-21T08:00:00+02:00,2026-08-21,Friday,08:00,Disney Adventure World,Toon Studio,RC Racer,CLOSED,0,0,CLOSED,2026-08-21T05:55:03.000Z,34,7280
2026-08-21T08:00:00+02:00,2026-08-21,Friday,08:00,Disney Adventure World,Toon Studio,Slinky® Dog Zigzag Spin,CLOSED,0,,,2026-08-21T05:55:03.000Z,36,
2026-08-21T08:00:00+02:00,2026-08-21,Friday,08:00,Disney Adventure World,Toon Studio,Toy Soldiers Parachute Drop,CLOSED,0,0,CLOSED,2026-08-21T05:55:03.000Z,35,7281
2026-08-21T08:00:00+02:00,2026-08-21,Friday,08:00,Disney Adventure World,World of Frozen,Entry to World of Frozen,CLOSED,0,,,2026-08-21T05:55:03.000Z,16247,
2026-08-21T08:00:00+02:00,2026-08-21,Friday,08:00,Disney Adventure World,World of Frozen,Frozen Ever After,CLOSED,0,,,2026-08-21T05:55:03.000Z,15413,
2026-08-21T08:00:00+02:00,2026-08-21,Friday,08:00,Disney Adventure World,World of Frozen,Raiponce Tangled Spin,CLOSED,0,,,2026-08-21T05:55:03.000Z,15415,
2026-08-21T08:15:00+02:00,2026-08-21,Friday,08:15,Disneyland Park,Adventureland,Adventure Isle,CLOSED,0,,,2026-08-21T06:10:11.000Z,2702,
2026-08-21T08:15:00+02:00,2026-08-21,Friday,08:15,Disneyland Park,Adventureland,Indiana Jones™ and the Temple of Peril,CLOSED,0,0,CLOSED,2026-08-21T06:10:11.000Z,2,7306
2026-08-21T08:15:00+02:00,2026-08-21,Friday,08:15,Disneyland Park,Adventureland,La Cabane des Robinson,CLOSED,0,,,2026-08-21T06:10:11.000Z,1,
2026-08-21T08:15:00+02:00,2026-08-21,Friday,08:15,Disneyland Park,Adventureland,Le Passage Enchanté d'Aladdin,CLOSED,0,,,2026-08-21T06:10:11.000Z,2703,
2026-08-21T08:15:00+02:00,2026-08-21,Friday,08:15,Disneyland Park,Adventureland,Pirate Galleon,CLOSED,0,,,2026-08-21T06:10:11.000Z,2705,
2026-08-21T08:15:00+02:00,2026-08-21,Friday,08:15,Disneyland Park,Adventureland,Pirates of the Caribbean,CLOSED,0,,,2026-08-21T06:10:11.000Z,3,
2026-08-21T08:15:00+02:00,2026-08-21,Friday,08:15,Disneyland Park,Adventureland,Pirates' Beach,CLOSED,0,,,2026-08-21T06:10:11.000Z,2704,
2026-08-21T08:15:00+02:00,2026-08-21,Friday,08:15,Disneyland Park,Discoveryland,"Autopia, presented by Avis",CLOSED,0,,,2026-08-21T06:10:11.000Z,4,
2026-08-21T08:15:00+02:00,2026-08-21,Friday,08:15,Disneyland Park,Discoveryland,Buzz Lightyear Laser Blast,CLOSED,0,,,2026-08-21T06:10:11.000Z,5,
2026-08-21T08:15:00+02:00,2026-08-21,Friday,08:15,Disneyland Park,Discoveryland,Disneyland Railroad Discoveryland Station,CLOSED,0,,,2026-08-21T06:10:11.000Z,2706,
2026-08-21T08:15:00+02:00,2026-08-21,Friday,08:15,Disneyland Park,Discoveryland,Les Mystères du Nautilus,CLOSED,0,,,2026-08-21T06:10:11.000Z,6,
2026-08-21T08:15:00+02:00,2026-08-21,Friday,08:15,Disneyland Park,Discoveryland,Mickey’s PhilharMagic,CLOSED,0,,,2026-08-21T06:10:11.000Z,2707,
2026-08-21T08:15:00+02:00,2026-08-21,Friday,08:15,Disneyland Park,Discoveryland,Orbitron®,CLOSED,0,,,2026-08-21T06:10:11.000Z,7,
2026-08-21T08:15:00+02:00,2026-08-21,Friday,08:15,Disneyland Park,Discoveryland,Star Tours: The Adventures Continue*,CLOSED,0,,,2026-08-21T06:10:11.000Z,9,
2026-08-21T08:15:00+02:00,2026-08-21,Friday,08:15,Disneyland Park,Discoveryland,Star Wars Hyperspace Mountain,CLOSED,0,0,CLOSED,2026-08-21T06:10:11.000Z,8,7278
2026-08-21T08:15:00+02:00,2026-08-21,Friday,08:15,Disneyland Park,Discoveryland,Welcome to Starport: A Star Wars Encounter,CLOSED,0,,,2026-08-21T06:10:11.000Z,4573,
2026-08-21T08:15:00+02:00,2026-08-21,Friday,08:15,Disneyland Park,Fantasyland,"""it's a small world""",CLOSED,0,,,2026-08-21T06:10:11.000Z,19,
2026-08-21T08:15:00+02:00,2026-08-21,Friday,08:15,Disneyland Park,Fantasyland,Alice's Curious Labyrinth,CLOSED,0,,,2026-08-21T06:10:11.000Z,14,
2026-08-21T08:15:00+02:00,2026-08-21,Friday,08:15,Disneyland Park,Fantasyland,Blanche-Neige et les Sept Nains®,CLOSED,0,,,2026-08-21T06:10:11.000Z,15,
2026-08-21T08:15:00+02:00,2026-08-21,Friday,08:15,Disneyland Park,Fantasyland,Casey Jr. – le Petit Train du Cirque,CLOSED,0,,,2026-08-21T06:10:11.000Z,17,
2026-08-21T08:15:00+02:00,2026-08-21,Friday,08:15,Disneyland Park,Fantasyland,Disneyland Railroad Fantasyland Station,CLOSED,0,,,2026-08-21T06:10:11.000Z,2711,
2026-08-21T08:15:00+02:00,2026-08-21,Friday,08:15,Disneyland Park,Fantasyland,Disneyland Railroad Main Street Station,CLOSED,0,,,2026-08-21T06:10:11.000Z,11,
2026-08-21T08:15:00+02:00,2026-08-21,Friday,08:15,Disneyland Park,Fantasyland,Dumbo the Flying Elephant,CLOSED,0,,,2026-08-21T06:10:11.000Z,18,
2026-08-21T08:15:00+02:00,2026-08-21,Friday,08:15,Disneyland Park,Fantasyland,La Tanière du Dragon,CLOSED,0,,,2026-08-21T06:10:11.000Z,2710,
2026-08-21T08:15:00+02:00,2026-08-21,Friday,08:15,Disneyland Park,Fantasyland,Le Carrousel de Lancelot,CLOSED,0,,,2026-08-21T06:10:11.000Z,16,
2026-08-21T08:15:00+02:00,2026-08-21,Friday,08:15,Disneyland Park,Fantasyland,"Le Pays des Contes de Fées, presented by Vittel",CLOSED,0,,,2026-08-21T06:10:11.000Z,21,
2026-08-21T08:15:00+02:00,2026-08-21,Friday,08:15,Disneyland Park,Fantasyland,Les Voyages de Pinocchio,CLOSED,0,,,2026-08-21T06:10:11.000Z,23,
2026-08-21T08:15:00+02:00,2026-08-21,Friday,08:15,Disneyland Park,Fantasyland,Mad Hatter's Tea Cups,CLOSED,0,,,2026-08-21T06:10:11.000Z,20,
2026-08-21T08:15:00+02:00,2026-08-21,Friday,08:15,Disneyland Park,Fantasyland,Meet Mickey Mouse,CLOSED,0,,,2026-08-21T06:10:11.000Z,13,
2026-08-21T08:15:00+02:00,2026-08-21,Friday,08:15,Disneyland Park,Fantasyland,Peter Pan's Flight,CLOSED,0,,,2026-08-21T06:10:11.000Z,22,
2026-08-21T08:15:00+02:00,2026-08-21,Friday,08:15,Disneyland Park,Fantasyland,Princess Pavilion,CLOSED,0,,,2026-08-21T06:10:11.000Z,24,
2026-08-21T08:15:00+02:00,2026-08-21,Friday,08:15,Disneyland Park,Frontierland,Big Thunder Mountain,CLOSED,0,,,2026-08-21T06:10:11.000Z,25,
2026-08-21T08:15:00+02:00,2026-08-21,Friday,08:15,Disneyland Park,Frontierland,Disneyland Railroad Frontierland Depot,CLOSED,0,,,2026-08-21T06:10:11.000Z,2714,
2026-08-21T08:15:00+02:00,2026-08-21,Friday,08:15,Disneyland Park,Frontierland,Frontierland Playground,CLOSED,0,,,2026-08-21T06:10:11.000Z,2713,
2026-08-21T08:15:00+02:00,2026-08-21,Friday,08:15,Disneyland Park,Frontierland,Phantom Manor,CLOSED,0,,,2026-08-21T06:10:11.000Z,26,
2026-08-21T08:15:00+02:00,2026-08-21,Friday,08:15,Disneyland Park,Frontierland,River Rogue Keelboats,CLOSED,0,,,2026-08-21T06:10:11.000Z,27,
2026-08-21T08:15:00+02:00,2026-08-21,Friday,08:15,Disneyland Park,Frontierland,Rustler Roundup Shootin' Gallery,CLOSED,0,,,2026-08-21T06:10:11.000Z,2712,
2026-08-21T08:15:00+02:00,2026-08-21,Friday,08:15,Disneyland Park,Frontierland,Thunder Mesa Riverboat Landing,CLOSED,0,,,2026-08-21T06:10:11.000Z,28,
2026-08-21T08:15:00+02:00,2026-08-21,Friday,08:15,Disneyland Park,Main Street U.S.A,Disneyland Railroad Main Street Station,CLOSED,0,,,2026-08-21T06:10:11.000Z,2708,
2026-08-21T08:15:00+02:00,2026-08-21,Friday,08:15,Disneyland Park,Main Street U.S.A,Main Street Vehicles,CLOSED,0,,,2026-08-21T06:10:11.000Z,12,
2026-08-21T08:15:00+02:00,2026-08-21,Friday,08:15,Disney Adventure World,Marvel Avengers Campus,Avengers Assemble: Flight Force,CLOSED,0,0,CLOSED,2026-08-21T06:10:11.000Z,10848,10849
2026-08-21T08:15:00+02:00,2026-08-21,Friday,08:15,Disney Adventure World,Marvel Avengers Campus,Spider-Man W.E.B. Adventure,CLOSED,0,0,CLOSED,2026-08-21T06:10:11.000Z,10845,10846
2026-08-21T08:15:00+02:00,2026-08-21,Friday,08:15,Disney Adventure World,Production Courtyard,The Twilight Zone Tower of Terror,CLOSED,0,,,2026-08-21T06:10:11.000Z,40,
2026-08-21T08:15:00+02:00,2026-08-21,Friday,08:15,Disney Adventure World,Toon Studio,Cars Quatre Roues Rallye,CLOSED,0,,,2026-08-21T06:10:11.000Z,31,
2026-08-21T08:15:00+02:00,2026-08-21,Friday,08:15,Disney Adventure World,Toon Studio,Cars ROAD TRIP,CLOSED,0,,,2026-08-21T06:10:11.000Z,29,
2026-08-21T08:15:00+02:00,2026-08-21,Friday,08:15,Disney Adventure World,Toon Studio,Crush's Coaster,CLOSED,0,0,CLOSED,2026-08-21T06:10:11.000Z,32,7277
2026-08-21T08:15:00+02:00,2026-08-21,Friday,08:15,Disney Adventure World,Toon Studio,Les Tapis Volants - Flying Carpets Over Agrabah®,CLOSED,0,,,2026-08-21T06:10:11.000Z,33,
2026-08-21T08:15:00+02:00,2026-08-21,Friday,08:15,Disney Adventure World,Toon Studio,Ratatouille : L’Aventure Totalement Toquée de Rémy​,CLOSED,0,0,CLOSED,2026-08-21T06:10:11.000Z,37,7279
2026-08-21T08:15:00+02:00,2026-08-21,Friday,08:15,Disney Adventure World,Toon Studio,RC Racer,CLOSED,0,0,CLOSED,2026-08-21T06:10:11.000Z,34,7280
2026-08-21T08:15:00+02:00,2026-08-21,Friday,08:15,Disney Adventure World,Toon Studio,Slinky® Dog Zigzag Spin,CLOSED,0,,,2026-08-21T06:10:11.000Z,36,
2026-08-21T08:15:00+02:00,2026-08-21,Friday,08:15,Disney Adventure World,Toon Studio,Toy Soldiers Parachute Drop,CLOSED,0,0,CLOSED,2026-08-21T06:10:11.000Z,35,7281
2026-08-21T08:15:00+02:00,2026-08-21,Friday,08:15,Disney Adventure World,World of Frozen,Entry to World of Frozen,CLOSED,0,,,2026-08-21T06:10:11.000Z,16247,
2026-08-21T08:15:00+02:00,2026-08-21,Friday,08:15,Disney Adventure World,World of Frozen,Frozen Ever After,CLOSED,0,,,2026-08-21T06:10:11.000Z,15413,
2026-08-21T08:15:00+02:00,2026-08-21,Friday,08:15,Disney Adventure World,World of Frozen,Raiponce Tangled Spin,CLOSED,0,,,2026-08-21T06:10:11.000Z,15415,
2026-08-21T08:30:00+02:00,2026-08-21,Friday,08:30,Disneyland Park,Adventureland,Adventure Isle,CLOSED,0,,,2026-08-21T06:25:05.000Z,2702,
2026-08-21T08:30:00+02:00,2026-08-21,Friday,08:30,Disneyland Park,Adventureland,Indiana Jones™ and the Temple of Peril,CLOSED,0,0,CLOSED,2026-08-21T06:25:05.000Z,2,7306
2026-08-21T08:30:00+02:00,2026-08-21,Friday,08:30,Disneyland Park,Adventureland,La Cabane des Robinson,CLOSED,0,,,2026-08-21T06:25:05.000Z,1,
2026-08-21T08:30:00+02:00,2026-08-21,Friday,08:30,Disneyland Park,Adventureland,Le Passage Enchanté d'Aladdin,CLOSED,0,,,2026-08-21T06:25:05.000Z,2703,
2026-08-21T08:30:00+02:00,2026-08-21,Friday,08:30,Disneyland Park,Adventureland,Pirate Galleon,CLOSED,0,,,2026-08-21T06:25:05.000Z,2705,
2026-08-21T08:30:00+02:00,2026-08-21,Friday,08:30,Disneyland Park,Adventureland,Pirates of the Caribbean,CLOSED,0,,,2026-08-21T06:25:05.000Z,3,
2026-08-21T08:30:00+02:00,2026-08-21,Friday,08:30,Disneyland Park,Adventureland,Pirates' Beach,CLOSED,0,,,2026-08-21T06:25:05.000Z,2704,
2026-08-21T08:30:00+02:00,2026-08-21,Friday,08:30,Disneyland Park,Discoveryland,"Autopia, presented by Avis",CLOSED,0,,,2026-08-21T06:25:05.000Z,4,
2026-08-21T08:30:00+02:00,2026-08-21,Friday,08:30,Disneyland Park,Discoveryland,Buzz Lightyear Laser Blast,CLOSED,0,,,2026-08-21T06:25:05.000Z,5,
2026-08-21T08:30:00+02:00,2026-08-21,Friday,08:30,Disneyland Park,Discoveryland,Disneyland Railroad Discoveryland Station,CLOSED,0,,,2026-08-21T06:25:05.000Z,2706,
2026-08-21T08:30:00+02:00,2026-08-21,Friday,08:30,Disneyland Park,Discoveryland,Les Mystères du Nautilus,CLOSED,0,,,2026-08-21T06:25:05.000Z,6,
2026-08-21T08:30:00+02:00,2026-08-21,Friday,08:30,Disneyland Park,Discoveryland,Mickey’s PhilharMagic,CLOSED,0,,,2026-08-21T06:25:05.000Z,2707,
2026-08-21T08:30:00+02:00,2026-08-21,Friday,08:30,Disneyland Park,Discoveryland,Orbitron®,CLOSED,0,,,2026-08-21T06:25:05.000Z,7,
2026-08-21T08:30:00+02:00,2026-08-21,Friday,08:30,Disneyland Park,Discoveryland,Star Tours: The Adventures Continue*,CLOSED,0,,,2026-08-21T06:25:05.000Z,9,
2026-08-21T08:30:00+02:00,2026-08-21,Friday,08:30,Disneyland Park,Discoveryland,Star Wars Hyperspace Mountain,OPEN,5,0,OPEN,2026-08-21T06:25:05.000Z,8,7278
2026-08-21T08:30:00+02:00,2026-08-21,Friday,08:30,Disneyland Park,Discoveryland,Welcome to Starport: A Star Wars Encounter,CLOSED,0,,,2026-08-21T06:25:05.000Z,4573,
2026-08-21T08:30:00+02:00,2026-08-21,Friday,08:30,Disneyland Park,Fantasyland,"""it's a small world""",CLOSED,0,,,2026-08-21T06:25:05.000Z,19,
2026-08-21T08:30:00+02:00,2026-08-21,Friday,08:30,Disneyland Park,Fantasyland,Alice's Curious Labyrinth,CLOSED,0,,,2026-08-21T06:25:05.000Z,14,
2026-08-21T08:30:00+02:00,2026-08-21,Friday,08:30,Disneyland Park,Fantasyland,Blanche-Neige et les Sept Nains®,CLOSED,0,,,2026-08-21T06:25:05.000Z,15,
2026-08-21T08:30:00+02:00,2026-08-21,Friday,08:30,Disneyland Park,Fantasyland,Casey Jr. – le Petit Train du Cirque,CLOSED,0,,,2026-08-21T06:25:05.000Z,17,
2026-08-21T08:30:00+02:00,2026-08-21,Friday,08:30,Disneyland Park,Fantasyland,Disneyland Railroad Fantasyland Station,CLOSED,0,,,2026-08-21T06:25:05.000Z,2711,
2026-08-21T08:30:00+02:00,2026-08-21,Friday,08:30,Disneyland Park,Fantasyland,Disneyland Railroad Main Street Station,CLOSED,0,,,2026-08-21T06:25:05.000Z,11,
2026-08-21T08:30:00+02:00,2026-08-21,Friday,08:30,Disneyland Park,Fantasyland,Dumbo the Flying Elephant,CLOSED,0,,,2026-08-21T06:25:05.000Z,18,
2026-08-21T08:30:00+02:00,2026-08-21,Friday,08:30,Disneyland Park,Fantasyland,La Tanière du Dragon,CLOSED,0,,,2026-08-21T06:25:05.000Z,2710,
2026-08-21T08:30:00+02:00,2026-08-21,Friday,08:30,Disneyland Park,Fantasyland,Le Carrousel de Lancelot,CLOSED,0,,,2026-08-21T06:25:05.000Z,16,
2026-08-21T08:30:00+02:00,2026-08-21,Friday,08:30,Disneyland Park,Fantasyland,"Le Pays des Contes de Fées, presented by Vittel",CLOSED,0,,,2026-08-21T06:25:05.000Z,21,
2026-08-21T08:30:00+02:00,2026-08-21,Friday,08:30,Disneyland Park,Fantasyland,Les Voyages de Pinocchio,CLOSED,0,,,2026-08-21T06:25:05.000Z,23,
2026-08-21T08:30:00+02:00,2026-08-21,Friday,08:30,Disneyland Park,Fantasyland,Mad Hatter's Tea Cups,CLOSED,0,,,2026-08-21T06:25:05.000Z,20,
2026-08-21T08:30:00+02:00,2026-08-21,Friday,08:30,Disneyland Park,Fantasyland,Meet Mickey Mouse,CLOSED,0,,,2026-08-21T06:25:05.000Z,13,
2026-08-21T08:30:00+02:00,2026-08-21,Friday,08:30,Disneyland Park,Fantasyland,Peter Pan's Flight,OPEN,5,,,2026-08-21T06:25:05.000Z,22,
2026-08-21T08:30:00+02:00,2026-08-21,Friday,08:30,Disneyland Park,Fantasyland,Princess Pavilion,CLOSED,0,,,2026-08-21T06:25:05.000Z,24,
2026-08-21T08:30:00+02:00,2026-08-21,Friday,08:30,Disneyland Park,Frontierland,Big Thunder Mountain,CLOSED,0,,,2026-08-21T06:25:05.000Z,25,
2026-08-21T08:30:00+02:00,2026-08-21,Friday,08:30,Disneyland Park,Frontierland,Disneyland Railroad Frontierland Depot,CLOSED,0,,,2026-08-21T06:25:05.000Z,2714,
2026-08-21T08:30:00+02:00,2026-08-21,Friday,08:30,Disneyland Park,Frontierland,Frontierland Playground,CLOSED,0,,,2026-08-21T06:25:05.000Z,2713,
2026-08-21T08:30:00+02:00,2026-08-21,Friday,08:30,Disneyland Park,Frontierland,Phantom Manor,CLOSED,0,,,2026-08-21T06:25:05.000Z,26,
2026-08-21T08:30:00+02:00,2026-08-21,Friday,08:30,Disneyland Park,Frontierland,River Rogue Keelboats,CLOSED,0,,,2026-08-21T06:25:05.000Z,27,
2026-08-21T08:30:00+02:00,2026-08-21,Friday,08:30,Disneyland Park,Frontierland,Rustler Roundup Shootin' Gallery,CLOSED,0,,,2026-08-21T06:25:05.000Z,2712,
2026-08-21T08:30:00+02:00,2026-08-21,Friday,08:30,Disneyland Park,Frontierland,Thunder Mesa Riverboat Landing,CLOSED,0,,,2026-08-21T06:25:05.000Z,28,
2026-08-21T08:30:00+02:00,2026-08-21,Friday,08:30,Disneyland Park,Main Street U.S.A,Disneyland Railroad Main Street Station,CLOSED,0,,,2026-08-21T06:25:05.000Z,2708,
2026-08-21T08:30:00+02:00,2026-08-21,Friday,08:30,Disneyland Park,Main Street U.S.A,Main Street Vehicles,CLOSED,0,,,2026-08-21T06:25:05.000Z,12,
2026-08-21T08:30:00+02:00,2026-08-21,Friday,08:30,Disney Adventure World,Marvel Avengers Campus,Avengers Assemble: Flight Force,OPEN,5,0,OPEN,2026-08-21T06:25:05.000Z,10848,10849
2026-08-21T08:30:00+02:00,2026-08-21,Friday,08:30,Disney Adventure World,Marvel Avengers Campus,Spider-Man W.E.B. Adventure,CLOSED,0,0,CLOSED,2026-08-21T06:25:05.000Z,10845,10846
2026-08-21T08:30:00+02:00,2026-08-21,Friday,08:30,Disney Adventure World,Production Courtyard,The Twilight Zone Tower of Terror,OPEN,0,,,2026-08-21T06:25:05.000Z,40,
2026-08-21T08:30:00+02:00,2026-08-21,Friday,08:30,Disney Adventure World,Toon Studio,Cars Quatre Roues Rallye,CLOSED,0,,,2026-08-21T06:25:05.000Z,31,
2026-08-21T08:30:00+02:00,2026-08-21,Friday,08:30,Disney Adventure World,Toon Studio,Cars ROAD TRIP,CLOSED,0,,,2026-08-21T06:25:05.000Z,29,
2026-08-21T08:30:00+02:00,2026-08-21,Friday,08:30,Disney Adventure World,Toon Studio,Crush's Coaster,CLOSED,0,0,CLOSED,2026-08-21T06:25:05.000Z,32,7277
2026-08-21T08:30:00+02:00,2026-08-21,Friday,08:30,Disney Adventure World,Toon Studio,Les Tapis Volants - Flying Carpets Over Agrabah®,CLOSED,0,,,2026-08-21T06:25:05.000Z,33,
2026-08-21T08:30:00+02:00,2026-08-21,Friday,08:30,Disney Adventure World,Toon Studio,Ratatouille : L’Aventure Totalement Toquée de Rémy​,OPEN,5,5,OPEN,2026-08-21T06:25:05.000Z,37,7279
2026-08-21T08:30:00+02:00,2026-08-21,Friday,08:30,Disney Adventure World,Toon Studio,RC Racer,CLOSED,0,0,CLOSED,2026-08-21T06:25:05.000Z,34,7280
2026-08-21T08:30:00+02:00,2026-08-21,Friday,08:30,Disney Adventure World,Toon Studio,Slinky® Dog Zigzag Spin,CLOSED,0,,,2026-08-21T06:25:05.000Z,36,
2026-08-21T08:30:00+02:00,2026-08-21,Friday,08:30,Disney Adventure World,Toon Studio,Toy Soldiers Parachute Drop,CLOSED,0,0,CLOSED,2026-08-21T06:25:05.000Z,35,7281
2026-08-21T08:30:00+02:00,2026-08-21,Friday,08:30,Disney Adventure World,World of Frozen,Entry to World of Frozen,CLOSED,0,,,2026-08-21T06:25:05.000Z,16247,
2026-08-21T08:30:00+02:00,2026-08-21,Friday,08:30,Disney Adventure World,World of Frozen,Frozen Ever After,CLOSED,0,,,2026-08-21T06:25:05.000Z,15413,
2026-08-21T08:30:00+02:00,2026-08-21,Friday,08:30,Disney Adventure World,World of Frozen,Raiponce Tangled Spin,CLOSED,0,,,2026-08-21T06:25:05.000Z,15415,
2026-08-21T08:45:00+02:00,2026-08-21,Friday,08:45,Disneyland Park,Adventureland,Adventure Isle,CLOSED,0,,,2026-08-21T06:40:04.000Z,2702,
2026-08-21T08:45:00+02:00,2026-08-21,Friday,08:45,Disneyland Park,Adventureland,Indiana Jones™ and the Temple of Peril,CLOSED,0,0,CLOSED,2026-08-21T06:40:04.000Z,2,7306
2026-08-21T08:45:00+02:00,2026-08-21,Friday,08:45,Disneyland Park,Adventureland,La Cabane des Robinson,CLOSED,0,,,2026-08-21T06:40:04.000Z,1,
2026-08-21T08:45:00+02:00,2026-08-21,Friday,08:45,Disneyland Park,Adventureland,Le Passage Enchanté d'Aladdin,CLOSED,0,,,2026-08-21T06:40:04.000Z,2703,
2026-08-21T08:45:00+02:00,2026-08-21,Friday,08:45,Disneyland Park,Adventureland,Pirate Galleon,CLOSED,0,,,2026-08-21T06:40:04.000Z,2705,
2026-08-21T08:45:00+02:00,2026-08-21,Friday,08:45,Disneyland Park,Adventureland,Pirates of the Caribbean,CLOSED,0,,,2026-08-21T06:40:04.000Z,3,
2026-08-21T08:45:00+02:00,2026-08-21,Friday,08:45,Disneyland Park,Adventureland,Pirates' Beach,CLOSED,0,,,2026-08-21T06:40:04.000Z,2704,
2026-08-21T08:45:00+02:00,2026-08-21,Friday,08:45,Disneyland Park,Discoveryland,"Autopia, presented by Avis",CLOSED,0,,,2026-08-21T06:40:04.000Z,4,
2026-08-21T08:45:00+02:00,2026-08-21,Friday,08:45,Disneyland Park,Discoveryland,Buzz Lightyear Laser Blast,OPEN,5,,,2026-08-21T06:40:04.000Z,5,
2026-08-21T08:45:00+02:00,2026-08-21,Friday,08:45,Disneyland Park,Discoveryland,Disneyland Railroad Discoveryland Station,CLOSED,0,,,2026-08-21T06:40:04.000Z,2706,
2026-08-21T08:45:00+02:00,2026-08-21,Friday,08:45,Disneyland Park,Discoveryland,Les Mystères du Nautilus,CLOSED,0,,,2026-08-21T06:40:04.000Z,6,
2026-08-21T08:45:00+02:00,2026-08-21,Friday,08:45,Disneyland Park,Discoveryland,Mickey’s PhilharMagic,CLOSED,0,,,2026-08-21T06:40:04.000Z,2707,
2026-08-21T08:45:00+02:00,2026-08-21,Friday,08:45,Disneyland Park,Discoveryland,Orbitron®,CLOSED,0,,,2026-08-21T06:40:04.000Z,7,
2026-08-21T08:45:00+02:00,2026-08-21,Friday,08:45,Disneyland Park,Discoveryland,Star Tours: The Adventures Continue*,CLOSED,0,,,2026-08-21T06:40:04.000Z,9,
2026-08-21T08:45:00+02:00,2026-08-21,Friday,08:45,Disneyland Park,Discoveryland,Star Wars Hyperspace Mountain,OPEN,5,0,OPEN,2026-08-21T06:40:04.000Z,8,7278
2026-08-21T08:45:00+02:00,2026-08-21,Friday,08:45,Disneyland Park,Discoveryland,Welcome to Starport: A Star Wars Encounter,CLOSED,0,,,2026-08-21T06:40:04.000Z,4573,
2026-08-21T08:45:00+02:00,2026-08-21,Friday,08:45,Disneyland Park,Fantasyland,"""it's a small world""",CLOSED,0,,,2026-08-21T06:40:04.000Z,19,
2026-08-21T08:45:00+02:00,2026-08-21,Friday,08:45,Disneyland Park,Fantasyland,Alice's Curious Labyrinth,CLOSED,0,,,2026-08-21T06:40:04.000Z,14,
2026-08-21T08:45:00+02:00,2026-08-21,Friday,08:45,Disneyland Park,Fantasyland,Blanche-Neige et les Sept Nains®,CLOSED,0,,,2026-08-21T06:40:04.000Z,15,
2026-08-21T08:45:00+02:00,2026-08-21,Friday,08:45,Disneyland Park,Fantasyland,Casey Jr. – le Petit Train du Cirque,CLOSED,0,,,2026-08-21T06:40:04.000Z,17,
2026-08-21T08:45:00+02:00,2026-08-21,Friday,08:45,Disneyland Park,Fantasyland,Disneyland Railroad Fantasyland Station,CLOSED,0,,,2026-08-21T06:40:04.000Z,2711,
2026-08-21T08:45:00+02:00,2026-08-21,Friday,08:45,Disneyland Park,Fantasyland,Disneyland Railroad Main Street Station,CLOSED,0,,,2026-08-21T06:40:04.000Z,11,
2026-08-21T08:45:00+02:00,2026-08-21,Friday,08:45,Disneyland Park,Fantasyland,Dumbo the Flying Elephant,CLOSED,0,,,2026-08-21T06:40:04.000Z,18,
2026-08-21T08:45:00+02:00,2026-08-21,Friday,08:45,Disneyland Park,Fantasyland,La Tanière du Dragon,OPEN,0,,,2026-08-21T06:40:04.000Z,2710,
2026-08-21T08:45:00+02:00,2026-08-21,Friday,08:45,Disneyland Park,Fantasyland,Le Carrousel de Lancelot,CLOSED,0,,,2026-08-21T06:40:04.000Z,16,
2026-08-21T08:45:00+02:00,2026-08-21,Friday,08:45,Disneyland Park,Fantasyland,"Le Pays des Contes de Fées, presented by Vittel",CLOSED,0,,,2026-08-21T06:40:04.000Z,21,
2026-08-21T08:45:00+02:00,2026-08-21,Friday,08:45,Disneyland Park,Fantasyland,Les Voyages de Pinocchio,CLOSED,0,,,2026-08-21T06:40:04.000Z,23,
2026-08-21T08:45:00+02:00,2026-08-21,Friday,08:45,Disneyland Park,Fantasyland,Mad Hatter's Tea Cups,CLOSED,0,,,2026-08-21T06:40:04.000Z,20,
2026-08-21T08:45:00+02:00,2026-08-21,Friday,08:45,Disneyland Park,Fantasyland,Meet Mickey Mouse,CLOSED,0,,,2026-08-21T06:40:04.000Z,13,
2026-08-21T08:45:00+02:00,2026-08-21,Friday,08:45,Disneyland Park,Fantasyland,Peter Pan's Flight,OPEN,20,,,2026-08-21T06:40:04.000Z,22,
2026-08-21T08:45:00+02:00,2026-08-21,Friday,08:45,Disneyland Park,Fantasyland,Princess Pavilion,CLOSED,0,,,2026-08-21T06:40:04.000Z,24,
2026-08-21T08:45:00+02:00,2026-08-21,Friday,08:45,Disneyland Park,Frontierland,Big Thunder Mountain,OPEN,40,,,2026-08-21T06:40:04.000Z,25,
2026-08-21T08:45:00+02:00,2026-08-21,Friday,08:45,Disneyland Park,Frontierland,Disneyland Railroad Frontierland Depot,CLOSED,0,,,2026-08-21T06:40:04.000Z,2714,
2026-08-21T08:45:00+02:00,2026-08-21,Friday,08:45,Disneyland Park,Frontierland,Frontierland Playground,CLOSED,0,,,2026-08-21T06:40:04.000Z,2713,
2026-08-21T08:45:00+02:00,2026-08-21,Friday,08:45,Disneyland Park,Frontierland,Phantom Manor,CLOSED,0,,,2026-08-21T06:40:04.000Z,26,
2026-08-21T08:45:00+02:00,2026-08-21,Friday,08:45,Disneyland Park,Frontierland,River Rogue Keelboats,CLOSED,0,,,2026-08-21T06:40:04.000Z,27,
2026-08-21T08:45:00+02:00,2026-08-21,Friday,08:45,Disneyland Park,Frontierland,Rustler Roundup Shootin' Gallery,OPEN,0,,,2026-08-21T06:40:04.000Z,2712,
2026-08-21T08:45:00+02:00,2026-08-21,Friday,08:45,Disneyland Park,Frontierland,Thunder Mesa Riverboat Landing,CLOSED,0,,,2026-08-21T06:40:04.000Z,28,
2026-08-21T08:45:00+02:00,2026-08-21,Friday,08:45,Disneyland Park,Main Street U.S.A,Disneyland Railroad Main Street Station,CLOSED,0,,,2026-08-21T06:40:04.000Z,2708,
2026-08-21T08:45:00+02:00,2026-08-21,Friday,08:45,Disneyland Park,Main Street U.S.A,Main Street Vehicles,OPEN,5,,,2026-08-21T06:40:04.000Z,12,
2026-08-21T08:45:00+02:00,2026-08-21,Friday,08:45,Disney Adventure World,Marvel Avengers Campus,Avengers Assemble: Flight Force,OPEN,5,0,OPEN,2026-08-21T06:40:04.000Z,10848,10849
2026-08-21T08:45:00+02:00,2026-08-21,Friday,08:45,Disney Adventure World,Marvel Avengers Campus,Spider-Man W.E.B. Adventure,OPEN,5,0,OPEN,2026-08-21T06:40:04.000Z,10845,10846
2026-08-21T08:45:00+02:00,2026-08-21,Friday,08:45,Disney Adventure World,Production Courtyard,The Twilight Zone Tower of Terror,OPEN,5,,,2026-08-21T06:40:04.000Z,40,
2026-08-21T08:45:00+02:00,2026-08-21,Friday,08:45,Disney Adventure World,Toon Studio,Cars Quatre Roues Rallye,CLOSED,0,,,2026-08-21T06:40:04.000Z,31,
2026-08-21T08:45:00+02:00,2026-08-21,Friday,08:45,Disney Adventure World,Toon Studio,Cars ROAD TRIP,CLOSED,0,,,2026-08-21T06:40:04.000Z,29,
2026-08-21T08:45:00+02:00,2026-08-21,Friday,08:45,Disney Adventure World,Toon Studio,Crush's Coaster,OPEN,70,35,OPEN,2026-08-21T06:40:04.000Z,32,7277
2026-08-21T08:45:00+02:00,2026-08-21,Friday,08:45,Disney Adventure World,Toon Studio,Les Tapis Volants - Flying Carpets Over Agrabah®,CLOSED,0,,,2026-08-21T06:40:04.000Z,33,
2026-08-21T08:45:00+02:00,2026-08-21,Friday,08:45,Disney Adventure World,Toon Studio,Ratatouille : L’Aventure Totalement Toquée de Rémy​,OPEN,5,5,OPEN,2026-08-21T06:40:04.000Z,37,7279
2026-08-21T08:45:00+02:00,2026-08-21,Friday,08:45,Disney Adventure World,Toon Studio,RC Racer,CLOSED,0,0,CLOSED,2026-08-21T06:40:04.000Z,34,7280
2026-08-21T08:45:00+02:00,2026-08-21,Friday,08:45,Disney Adventure World,Toon Studio,Slinky® Dog Zigzag Spin,OPEN,5,,,2026-08-21T06:40:04.000Z,36,
2026-08-21T08:45:00+02:00,2026-08-21,Friday,08:45,Disney Adventure World,Toon Studio,Toy Soldiers Parachute Drop,CLOSED,0,0,CLOSED,2026-08-21T06:40:04.000Z,35,7281
2026-08-21T08:45:00+02:00,2026-08-21,Friday,08:45,Disney Adventure World,World of Frozen,Entry to World of Frozen,OPEN,0,,,2026-08-21T06:40:04.000Z,16247,
2026-08-21T08:45:00+02:00,2026-08-21,Friday,08:45,Disney Adventure World,World of Frozen,Frozen Ever After,OPEN,20,,,2026-08-21T06:40:04.000Z,15413,
2026-08-21T08:45:00+02:00,2026-08-21,Friday,08:45,Disney Adventure World,World of Frozen,Raiponce Tangled Spin,OPEN,5,,,2026-08-21T06:40:04.000Z,15415,
2026-08-21T09:00:00+02:00,2026-08-21,Friday,09:00,Disneyland Park,Adventureland,Adventure Isle,CLOSED,0,,,2026-08-21T06:55:11.000Z,2702,
2026-08-21T09:00:00+02:00,2026-08-21,Friday,09:00,Disneyland Park,Adventureland,Indiana Jones™ and the Temple of Peril,CLOSED,0,0,CLOSED,2026-08-21T06:55:11.000Z,2,7306
2026-08-21T09:00:00+02:00,2026-08-21,Friday,09:00,Disneyland Park,Adventureland,La Cabane des Robinson,CLOSED,0,,,2026-08-21T06:55:11.000Z,1,
2026-08-21T09:00:00+02:00,2026-08-21,Friday,09:00,Disneyland Park,Adventureland,Le Passage Enchanté d'Aladdin,CLOSED,0,,,2026-08-21T06:55:11.000Z,2703,
2026-08-21T09:00:00+02:00,2026-08-21,Friday,09:00,Disneyland Park,Adventureland,Pirate Galleon,CLOSED,0,,,2026-08-21T06:55:11.000Z,2705,
2026-08-21T09:00:00+02:00,2026-08-21,Friday,09:00,Disneyland Park,Adventureland,Pirates of the Caribbean,CLOSED,0,,,2026-08-21T06:55:11.000Z,3,
2026-08-21T09:00:00+02:00,2026-08-21,Friday,09:00,Disneyland Park,Adventureland,Pirates' Beach,CLOSED,0,,,2026-08-21T06:55:11.000Z,2704,
2026-08-21T09:00:00+02:00,2026-08-21,Friday,09:00,Disneyland Park,Discoveryland,"Autopia, presented by Avis",CLOSED,0,,,2026-08-21T06:55:11.000Z,4,
2026-08-21T09:00:00+02:00,2026-08-21,Friday,09:00,Disneyland Park,Discoveryland,Buzz Lightyear Laser Blast,OPEN,5,,,2026-08-21T06:55:11.000Z,5,
2026-08-21T09:00:00+02:00,2026-08-21,Friday,09:00,Disneyland Park,Discoveryland,Disneyland Railroad Discoveryland Station,CLOSED,0,,,2026-08-21T06:55:11.000Z,2706,
2026-08-21T09:00:00+02:00,2026-08-21,Friday,09:00,Disneyland Park,Discoveryland,Les Mystères du Nautilus,CLOSED,0,,,2026-08-21T06:55:11.000Z,6,
2026-08-21T09:00:00+02:00,2026-08-21,Friday,09:00,Disneyland Park,Discoveryland,Mickey’s PhilharMagic,CLOSED,0,,,2026-08-21T06:55:11.000Z,2707,
2026-08-21T09:00:00+02:00,2026-08-21,Friday,09:00,Disneyland Park,Discoveryland,Orbitron®,CLOSED,0,,,2026-08-21T06:55:11.000Z,7,
2026-08-21T09:00:00+02:00,2026-08-21,Friday,09:00,Disneyland Park,Discoveryland,Star Tours: The Adventures Continue*,CLOSED,0,,,2026-08-21T06:55:11.000Z,9,
2026-08-21T09:00:00+02:00,2026-08-21,Friday,09:00,Disneyland Park,Discoveryland,Star Wars Hyperspace Mountain,OPEN,5,0,OPEN,2026-08-21T06:55:11.000Z,8,7278
2026-08-21T09:00:00+02:00,2026-08-21,Friday,09:00,Disneyland Park,Discoveryland,Welcome to Starport: A Star Wars Encounter,CLOSED,0,,,2026-08-21T06:55:11.000Z,4573,
2026-08-21T09:00:00+02:00,2026-08-21,Friday,09:00,Disneyland Park,Fantasyland,"""it's a small world""",CLOSED,0,,,2026-08-21T06:55:11.000Z,19,
2026-08-21T09:00:00+02:00,2026-08-21,Friday,09:00,Disneyland Park,Fantasyland,Alice's Curious Labyrinth,CLOSED,0,,,2026-08-21T06:55:11.000Z,14,
2026-08-21T09:00:00+02:00,2026-08-21,Friday,09:00,Disneyland Park,Fantasyland,Blanche-Neige et les Sept Nains®,CLOSED,0,,,2026-08-21T06:55:11.000Z,15,
2026-08-21T09:00:00+02:00,2026-08-21,Friday,09:00,Disneyland Park,Fantasyland,Casey Jr. – le Petit Train du Cirque,CLOSED,0,,,2026-08-21T06:55:11.000Z,17,
2026-08-21T09:00:00+02:00,2026-08-21,Friday,09:00,Disneyland Park,Fantasyland,Disneyland Railroad Fantasyland Station,CLOSED,0,,,2026-08-21T06:55:11.000Z,2711,
2026-08-21T09:00:00+02:00,2026-08-21,Friday,09:00,Disneyland Park,Fantasyland,Disneyland Railroad Main Street Station,CLOSED,0,,,2026-08-21T06:55:11.000Z,11,
2026-08-21T09:00:00+02:00,2026-08-21,Friday,09:00,Disneyland Park,Fantasyland,Dumbo the Flying Elephant,CLOSED,0,,,2026-08-21T06:55:11.000Z,18,
2026-08-21T09:00:00+02:00,2026-08-21,Friday,09:00,Disneyland Park,Fantasyland,La Tanière du Dragon,OPEN,0,,,2026-08-21T06:55:11.000Z,2710,
2026-08-21T09:00:00+02:00,2026-08-21,Friday,09:00,Disneyland Park,Fantasyland,Le Carrousel de Lancelot,CLOSED,0,,,2026-08-21T06:55:11.000Z,16,
2026-08-21T09:00:00+02:00,2026-08-21,Friday,09:00,Disneyland Park,Fantasyland,"Le Pays des Contes de Fées, presented by Vittel",CLOSED,0,,,2026-08-21T06:55:11.000Z,21,
2026-08-21T09:00:00+02:00,2026-08-21,Friday,09:00,Disneyland Park,Fantasyland,Les Voyages de Pinocchio,CLOSED,0,,,2026-08-21T06:55:11.000Z,23,
2026-08-21T09:00:00+02:00,2026-08-21,Friday,09:00,Disneyland Park,Fantasyland,Mad Hatter's Tea Cups,CLOSED,0,,,2026-08-21T06:55:11.000Z,20,
2026-08-21T09:00:00+02:00,2026-08-21,Friday,09:00,Disneyland Park,Fantasyland,Meet Mickey Mouse,CLOSED,0,,,2026-08-21T06:55:11.000Z,13,
2026-08-21T09:00:00+02:00,2026-08-21,Friday,09:00,Disneyland Park,Fantasyland,Peter Pan's Flight,OPEN,40,,,2026-08-21T06:55:11.000Z,22,
2026-08-21T09:00:00+02:00,2026-08-21,Friday,09:00,Disneyland Park,Fantasyland,Princess Pavilion,CLOSED,0,,,2026-08-21T06:55:11.000Z,24,
2026-08-21T09:00:00+02:00,2026-08-21,Friday,09:00,Disneyland Park,Frontierland,Big Thunder Mountain,OPEN,70,,,2026-08-21T06:55:11.000Z,25,
2026-08-21T09:00:00+02:00,2026-08-21,Friday,09:00,Disneyland Park,Frontierland,Disneyland Railroad Frontierland Depot,CLOSED,0,,,2026-08-21T06:55:11.000Z,2714,
2026-08-21T09:00:00+02:00,2026-08-21,Friday,09:00,Disneyland Park,Frontierland,Frontierland Playground,CLOSED,0,,,2026-08-21T06:55:11.000Z,2713,
2026-08-21T09:00:00+02:00,2026-08-21,Friday,09:00,Disneyland Park,Frontierland,Phantom Manor,CLOSED,0,,,2026-08-21T06:55:11.000Z,26,
2026-08-21T09:00:00+02:00,2026-08-21,Friday,09:00,Disneyland Park,Frontierland,River Rogue Keelboats,CLOSED,0,,,2026-08-21T06:55:11.000Z,27,
2026-08-21T09:00:00+02:00,2026-08-21,Friday,09:00,Disneyland Park,Frontierland,Rustler Roundup Shootin' Gallery,OPEN,0,,,2026-08-21T06:55:11.000Z,2712,
2026-08-21T09:00:00+02:00,2026-08-21,Friday,09:00,Disneyland Park,Frontierland,Thunder Mesa Riverboat Landing,CLOSED,0,,,2026-08-21T06:55:11.000Z,28,
2026-08-21T09:00:00+02:00,2026-08-21,Friday,09:00,Disneyland Park,Main Street U.S.A,Disneyland Railroad Main Street Station,CLOSED,0,,,2026-08-21T06:55:11.000Z,2708,
2026-08-21T09:00:00+02:00,2026-08-21,Friday,09:00,Disneyland Park,Main Street U.S.A,Main Street Vehicles,OPEN,5,,,2026-08-21T06:55:11.000Z,12,
2026-08-21T09:00:00+02:00,2026-08-21,Friday,09:00,Disney Adventure World,Marvel Avengers Campus,Avengers Assemble: Flight Force,OPEN,5,0,OPEN,2026-08-21T06:55:11.000Z,10848,10849
2026-08-21T09:00:00+02:00,2026-08-21,Friday,09:00,Disney Adventure World,Marvel Avengers Campus,Spider-Man W.E.B. Adventure,OPEN,10,0,OPEN,2026-08-21T06:55:11.000Z,10845,10846
2026-08-21T09:00:00+02:00,2026-08-21,Friday,09:00,Disney Adventure World,Production Courtyard,The Twilight Zone Tower of Terror,OPEN,5,,,2026-08-21T06:55:11.000Z,40,
2026-08-21T09:00:00+02:00,2026-08-21,Friday,09:00,Disney Adventure World,Toon Studio,Cars Quatre Roues Rallye,CLOSED,0,,,2026-08-21T06:55:11.000Z,31,
2026-08-21T09:00:00+02:00,2026-08-21,Friday,09:00,Disney Adventure World,Toon Studio,Cars ROAD TRIP,CLOSED,0,,,2026-08-21T06:55:11.000Z,29,
2026-08-21T09:00:00+02:00,2026-08-21,Friday,09:00,Disney Adventure World,Toon Studio,Crush's Coaster,OPEN,100,50,OPEN,2026-08-21T06:55:11.000Z,32,7277
2026-08-21T09:00:00+02:00,2026-08-21,Friday,09:00,Disney Adventure World,Toon Studio,Les Tapis Volants - Flying Carpets Over Agrabah®,CLOSED,0,,,2026-08-21T06:55:11.000Z,33,
2026-08-21T09:00:00+02:00,2026-08-21,Friday,09:00,Disney Adventure World,Toon Studio,Ratatouille : L’Aventure Totalement Toquée de Rémy​,OPEN,10,5,OPEN,2026-08-21T06:55:11.000Z,37,7279
2026-08-21T09:00:00+02:00,2026-08-21,Friday,09:00,Disney Adventure World,Toon Studio,RC Racer,CLOSED,0,0,CLOSED,2026-08-21T06:55:11.000Z,34,7280
2026-08-21T09:00:00+02:00,2026-08-21,Friday,09:00,Disney Adventure World,Toon Studio,Slinky® Dog Zigzag Spin,OPEN,5,,,2026-08-21T06:55:11.000Z,36,
2026-08-21T09:00:00+02:00,2026-08-21,Friday,09:00,Disney Adventure World,Toon Studio,Toy Soldiers Parachute Drop,CLOSED,0,0,CLOSED,2026-08-21T06:55:11.000Z,35,7281
2026-08-21T09:00:00+02:00,2026-08-21,Friday,09:00,Disney Adventure World,World of Frozen,Entry to World of Frozen,OPEN,0,,,2026-08-21T06:55:11.000Z,16247,
2026-08-21T09:00:00+02:00,2026-08-21,Friday,09:00,Disney Adventure World,World of Frozen,Frozen Ever After,OPEN,70,,,2026-08-21T06:55:11.000Z,15413,
2026-08-21T09:00:00+02:00,2026-08-21,Friday,09:00,Disney Adventure World,World of Frozen,Raiponce Tangled Spin,OPEN,5,,,2026-08-21T06:55:11.000Z,15415,
2026-08-21T09:15:00+02:00,2026-08-21,Friday,09:15,Disneyland Park,Adventureland,Adventure Isle,OPEN,0,,,2026-08-21T07:10:37.000Z,2702,
2026-08-21T09:15:00+02:00,2026-08-21,Friday,09:15,Disneyland Park,Adventureland,Indiana Jones™ and the Temple of Peril,CLOSED,0,0,CLOSED,2026-08-21T07:10:37.000Z,2,7306
2026-08-21T09:15:00+02:00,2026-08-21,Friday,09:15,Disneyland Park,Adventureland,La Cabane des Robinson,CLOSED,0,,,2026-08-21T07:10:37.000Z,1,
2026-08-21T09:15:00+02:00,2026-08-21,Friday,09:15,Disneyland Park,Adventureland,Le Passage Enchanté d'Aladdin,OPEN,0,,,2026-08-21T07:10:37.000Z,2703,
2026-08-21T09:15:00+02:00,2026-08-21,Friday,09:15,Disneyland Park,Adventureland,Pirate Galleon,CLOSED,0,,,2026-08-21T07:10:37.000Z,2705,
2026-08-21T09:15:00+02:00,2026-08-21,Friday,09:15,Disneyland Park,Adventureland,Pirates of the Caribbean,CLOSED,0,,,2026-08-21T07:10:37.000Z,3,
2026-08-21T09:15:00+02:00,2026-08-21,Friday,09:15,Disneyland Park,Adventureland,Pirates' Beach,CLOSED,0,,,2026-08-21T07:10:37.000Z,2704,
2026-08-21T09:15:00+02:00,2026-08-21,Friday,09:15,Disneyland Park,Discoveryland,"Autopia, presented by Avis",CLOSED,0,,,2026-08-21T07:10:37.000Z,4,
2026-08-21T09:15:00+02:00,2026-08-21,Friday,09:15,Disneyland Park,Discoveryland,Buzz Lightyear Laser Blast,OPEN,20,,,2026-08-21T07:10:37.000Z,5,
2026-08-21T09:15:00+02:00,2026-08-21,Friday,09:15,Disneyland Park,Discoveryland,Disneyland Railroad Discoveryland Station,CLOSED,0,,,2026-08-21T07:10:37.000Z,2706,
2026-08-21T09:15:00+02:00,2026-08-21,Friday,09:15,Disneyland Park,Discoveryland,Les Mystères du Nautilus,CLOSED,0,,,2026-08-21T07:10:37.000Z,6,
2026-08-21T09:15:00+02:00,2026-08-21,Friday,09:15,Disneyland Park,Discoveryland,Mickey’s PhilharMagic,CLOSED,0,,,2026-08-21T07:10:37.000Z,2707,
2026-08-21T09:15:00+02:00,2026-08-21,Friday,09:15,Disneyland Park,Discoveryland,Orbitron®,CLOSED,0,,,2026-08-21T07:10:37.000Z,7,
2026-08-21T09:15:00+02:00,2026-08-21,Friday,09:15,Disneyland Park,Discoveryland,Star Tours: The Adventures Continue*,CLOSED,0,,,2026-08-21T07:10:37.000Z,9,
2026-08-21T09:15:00+02:00,2026-08-21,Friday,09:15,Disneyland Park,Discoveryland,Star Wars Hyperspace Mountain,OPEN,5,0,OPEN,2026-08-21T07:10:37.000Z,8,7278
2026-08-21T09:15:00+02:00,2026-08-21,Friday,09:15,Disneyland Park,Discoveryland,Welcome to Starport: A Star Wars Encounter,CLOSED,0,,,2026-08-21T07:10:37.000Z,4573,
2026-08-21T09:15:00+02:00,2026-08-21,Friday,09:15,Disneyland Park,Fantasyland,"""it's a small world""",CLOSED,0,,,2026-08-21T07:10:37.000Z,19,
2026-08-21T09:15:00+02:00,2026-08-21,Friday,09:15,Disneyland Park,Fantasyland,Alice's Curious Labyrinth,CLOSED,0,,,2026-08-21T07:10:37.000Z,14,
2026-08-21T09:15:00+02:00,2026-08-21,Friday,09:15,Disneyland Park,Fantasyland,Blanche-Neige et les Sept Nains®,CLOSED,0,,,2026-08-21T07:10:37.000Z,15,
2026-08-21T09:15:00+02:00,2026-08-21,Friday,09:15,Disneyland Park,Fantasyland,Casey Jr. – le Petit Train du Cirque,CLOSED,0,,,2026-08-21T07:10:37.000Z,17,
2026-08-21T09:15:00+02:00,2026-08-21,Friday,09:15,Disneyland Park,Fantasyland,Disneyland Railroad Fantasyland Station,CLOSED,0,,,2026-08-21T07:10:37.000Z,2711,
2026-08-21T09:15:00+02:00,2026-08-21,Friday,09:15,Disneyland Park,Fantasyland,Disneyland Railroad Main Street Station,CLOSED,0,,,2026-08-21T07:10:37.000Z,11,
2026-08-21T09:15:00+02:00,2026-08-21,Friday,09:15,Disneyland Park,Fantasyland,Dumbo the Flying Elephant,CLOSED,0,,,2026-08-21T07:10:37.000Z,18,
2026-08-21T09:15:00+02:00,2026-08-21,Friday,09:15,Disneyland Park,Fantasyland,La Tanière du Dragon,OPEN,0,,,2026-08-21T07:10:37.000Z,2710,
2026-08-21T09:15:00+02:00,2026-08-21,Friday,09:15,Disneyland Park,Fantasyland,Le Carrousel de Lancelot,CLOSED,0,,,2026-08-21T07:10:37.000Z,16,
2026-08-21T09:15:00+02:00,2026-08-21,Friday,09:15,Disneyland Park,Fantasyland,"Le Pays des Contes de Fées, presented by Vittel",CLOSED,0,,,2026-08-21T07:10:37.000Z,21,
2026-08-21T09:15:00+02:00,2026-08-21,Friday,09:15,Disneyland Park,Fantasyland,Les Voyages de Pinocchio,CLOSED,0,,,2026-08-21T07:10:37.000Z,23,
2026-08-21T09:15:00+02:00,2026-08-21,Friday,09:15,Disneyland Park,Fantasyland,Mad Hatter's Tea Cups,CLOSED,0,,,2026-08-21T07:10:37.000Z,20,
2026-08-21T09:15:00+02:00,2026-08-21,Friday,09:15,Disneyland Park,Fantasyland,Meet Mickey Mouse,CLOSED,0,,,2026-08-21T07:10:37.000Z,13,
2026-08-21T09:15:00+02:00,2026-08-21,Friday,09:15,Disneyland Park,Fantasyland,Peter Pan's Flight,OPEN,50,,,2026-08-21T07:10:37.000Z,22,
2026-08-21T09:15:00+02:00,2026-08-21,Friday,09:15,Disneyland Park,Fantasyland,Princess Pavilion,CLOSED,0,,,2026-08-21T07:10:37.000Z,24,
2026-08-21T09:15:00+02:00,2026-08-21,Friday,09:15,Disneyland Park,Frontierland,Big Thunder Mountain,OPEN,70,,,2026-08-21T07:10:37.000Z,25,
2026-08-21T09:15:00+02:00,2026-08-21,Friday,09:15,Disneyland Park,Frontierland,Disneyland Railroad Frontierland Depot,CLOSED,0,,,2026-08-21T07:10:37.000Z,2714,
2026-08-21T09:15:00+02:00,2026-08-21,Friday,09:15,Disneyland Park,Frontierland,Frontierland Playground,CLOSED,0,,,2026-08-21T07:10:37.000Z,2713,
2026-08-21T09:15:00+02:00,2026-08-21,Friday,09:15,Disneyland Park,Frontierland,Phantom Manor,CLOSED,0,,,2026-08-21T07:10:37.000Z,26,
2026-08-21T09:15:00+02:00,2026-08-21,Friday,09:15,Disneyland Park,Frontierland,River Rogue Keelboats,CLOSED,0,,,2026-08-21T07:10:37.000Z,27,
2026-08-21T09:15:00+02:00,2026-08-21,Friday,09:15,Disneyland Park,Frontierland,Rustler Roundup Shootin' Gallery,OPEN,0,,,2026-08-21T07:10:37.000Z,2712,
2026-08-21T09:15:00+02:00,2026-08-21,Friday,09:15,Disneyland Park,Frontierland,Thunder Mesa Riverboat Landing,CLOSED,0,,,2026-08-21T07:10:37.000Z,28,
2026-08-21T09:15:00+02:00,2026-08-21,Friday,09:15,Disneyland Park,Main Street U.S.A,Disneyland Railroad Main Street Station,CLOSED,0,,,2026-08-21T07:10:37.000Z,2708,
2026-08-21T09:15:00+02:00,2026-08-21,Friday,09:15,Disneyland Park,Main Street U.S.A,Main Street Vehicles,OPEN,5,,,2026-08-21T07:10:37.000Z,12,
2026-08-21T09:15:00+02:00,2026-08-21,Friday,09:15,Disney Adventure World,Marvel Avengers Campus,Avengers Assemble: Flight Force,OPEN,5,0,OPEN,2026-08-21T07:10:37.000Z,10848,10849
2026-08-21T09:15:00+02:00,2026-08-21,Friday,09:15,Disney Adventure World,Marvel Avengers Campus,Spider-Man W.E.B. Adventure,OPEN,45,5,OPEN,2026-08-21T07:10:37.000Z,10845,10846
2026-08-21T09:15:00+02:00,2026-08-21,Friday,09:15,Disney Adventure World,Production Courtyard,The Twilight Zone Tower of Terror,OPEN,5,,,2026-08-21T07:10:37.000Z,40,
2026-08-21T09:15:00+02:00,2026-08-21,Friday,09:15,Disney Adventure World,Toon Studio,Cars Quatre Roues Rallye,CLOSED,0,,,2026-08-21T07:10:37.000Z,31,
2026-08-21T09:15:00+02:00,2026-08-21,Friday,09:15,Disney Adventure World,Toon Studio,Cars ROAD TRIP,CLOSED,0,,,2026-08-21T07:10:37.000Z,29,
2026-08-21T09:15:00+02:00,2026-08-21,Friday,09:15,Disney Adventure World,Toon Studio,Crush's Coaster,OPEN,100,40,OPEN,2026-08-21T07:10:37.000Z,32,7277
2026-08-21T09:15:00+02:00,2026-08-21,Friday,09:15,Disney Adventure World,Toon Studio,Les Tapis Volants - Flying Carpets Over Agrabah®,CLOSED,0,,,2026-08-21T07:10:37.000Z,33,
2026-08-21T09:15:00+02:00,2026-08-21,Friday,09:15,Disney Adventure World,Toon Studio,Ratatouille : L’Aventure Totalement Toquée de Rémy​,OPEN,20,5,OPEN,2026-08-21T07:10:37.000Z,37,7279
2026-08-21T09:15:00+02:00,2026-08-21,Friday,09:15,Disney Adventure World,Toon Studio,RC Racer,CLOSED,0,0,CLOSED,2026-08-21T07:10:37.000Z,34,7280
2026-08-21T09:15:00+02:00,2026-08-21,Friday,09:15,Disney Adventure World,Toon Studio,Slinky® Dog Zigzag Spin,OPEN,5,,,2026-08-21T07:10:37.000Z,36,
2026-08-21T09:15:00+02:00,2026-08-21,Friday,09:15,Disney Adventure World,Toon Studio,Toy Soldiers Parachute Drop,CLOSED,0,0,CLOSED,2026-08-21T07:10:37.000Z,35,7281
2026-08-21T09:15:00+02:00,2026-08-21,Friday,09:15,Disney Adventure World,World of Frozen,Entry to World of Frozen,OPEN,0,,,2026-08-21T07:10:37.000Z,16247,
2026-08-21T09:15:00+02:00,2026-08-21,Friday,09:15,Disney Adventure World,World of Frozen,Frozen Ever After,OPEN,80,,,2026-08-21T07:10:37.000Z,15413,
2026-08-21T09:15:00+02:00,2026-08-21,Friday,09:15,Disney Adventure World,World of Frozen,Raiponce Tangled Spin,OPEN,5,,,2026-08-21T07:10:37.000Z,15415,
2026-08-21T09:30:00+02:00,2026-08-21,Friday,09:30,Disneyland Park,Adventureland,Adventure Isle,OPEN,0,,,2026-08-21T07:25:12.000Z,2702,
2026-08-21T09:30:00+02:00,2026-08-21,Friday,09:30,Disneyland Park,Adventureland,Indiana Jones™ and the Temple of Peril,CLOSED,0,0,CLOSED,2026-08-21T07:25:12.000Z,2,7306
2026-08-21T09:30:00+02:00,2026-08-21,Friday,09:30,Disneyland Park,Adventureland,La Cabane des Robinson,CLOSED,0,,,2026-08-21T07:25:12.000Z,1,
2026-08-21T09:30:00+02:00,2026-08-21,Friday,09:30,Disneyland Park,Adventureland,Le Passage Enchanté d'Aladdin,OPEN,0,,,2026-08-21T07:25:12.000Z,2703,
2026-08-21T09:30:00+02:00,2026-08-21,Friday,09:30,Disneyland Park,Adventureland,Pirate Galleon,CLOSED,0,,,2026-08-21T07:25:12.000Z,2705,
2026-08-21T09:30:00+02:00,2026-08-21,Friday,09:30,Disneyland Park,Adventureland,Pirates of the Caribbean,OPEN,5,,,2026-08-21T07:25:12.000Z,3,
2026-08-21T09:30:00+02:00,2026-08-21,Friday,09:30,Disneyland Park,Adventureland,Pirates' Beach,OPEN,0,,,2026-08-21T07:25:12.000Z,2704,
2026-08-21T09:30:00+02:00,2026-08-21,Friday,09:30,Disneyland Park,Discoveryland,"Autopia, presented by Avis",CLOSED,0,,,2026-08-21T07:25:12.000Z,4,
2026-08-21T09:30:00+02:00,2026-08-21,Friday,09:30,Disneyland Park,Discoveryland,Buzz Lightyear Laser Blast,OPEN,20,,,2026-08-21T07:25:12.000Z,5,
2026-08-21T09:30:00+02:00,2026-08-21,Friday,09:30,Disneyland Park,Discoveryland,Disneyland Railroad Discoveryland Station,CLOSED,0,,,2026-08-21T07:25:12.000Z,2706,
2026-08-21T09:30:00+02:00,2026-08-21,Friday,09:30,Disneyland Park,Discoveryland,Les Mystères du Nautilus,OPEN,5,,,2026-08-21T07:25:12.000Z,6,
2026-08-21T09:30:00+02:00,2026-08-21,Friday,09:30,Disneyland Park,Discoveryland,Mickey’s PhilharMagic,CLOSED,0,,,2026-08-21T07:25:12.000Z,2707,
2026-08-21T09:30:00+02:00,2026-08-21,Friday,09:30,Disneyland Park,Discoveryland,Orbitron®,CLOSED,0,,,2026-08-21T07:25:12.000Z,7,
2026-08-21T09:30:00+02:00,2026-08-21,Friday,09:30,Disneyland Park,Discoveryland,Star Tours: The Adventures Continue*,CLOSED,0,,,2026-08-21T07:25:12.000Z,9,
2026-08-21T09:30:00+02:00,2026-08-21,Friday,09:30,Disneyland Park,Discoveryland,Star Wars Hyperspace Mountain,OPEN,15,0,OPEN,2026-08-21T07:25:12.000Z,8,7278
2026-08-21T09:30:00+02:00,2026-08-21,Friday,09:30,Disneyland Park,Discoveryland,Welcome to Starport: A Star Wars Encounter,CLOSED,0,,,2026-08-21T07:25:12.000Z,4573,
2026-08-21T09:30:00+02:00,2026-08-21,Friday,09:30,Disneyland Park,Fantasyland,"""it's a small world""",OPEN,5,,,2026-08-21T07:25:12.000Z,19,
2026-08-21T09:30:00+02:00,2026-08-21,Friday,09:30,Disneyland Park,Fantasyland,Alice's Curious Labyrinth,OPEN,0,,,2026-08-21T07:25:12.000Z,14,
2026-08-21T09:30:00+02:00,2026-08-21,Friday,09:30,Disneyland Park,Fantasyland,Blanche-Neige et les Sept Nains®,CLOSED,0,,,2026-08-21T07:25:12.000Z,15,
2026-08-21T09:30:00+02:00,2026-08-21,Friday,09:30,Disneyland Park,Fantasyland,Casey Jr. – le Petit Train du Cirque,OPEN,5,,,2026-08-21T07:25:12.000Z,17,
2026-08-21T09:30:00+02:00,2026-08-21,Friday,09:30,Disneyland Park,Fantasyland,Disneyland Railroad Fantasyland Station,CLOSED,0,,,2026-08-21T07:25:12.000Z,2711,
2026-08-21T09:30:00+02:00,2026-08-21,Friday,09:30,Disneyland Park,Fantasyland,Disneyland Railroad Main Street Station,CLOSED,0,,,2026-08-21T07:25:12.000Z,11,
2026-08-21T09:30:00+02:00,2026-08-21,Friday,09:30,Disneyland Park,Fantasyland,Dumbo the Flying Elephant,CLOSED,0,,,2026-08-21T07:25:12.000Z,18,
2026-08-21T09:30:00+02:00,2026-08-21,Friday,09:30,Disneyland Park,Fantasyland,La Tanière du Dragon,OPEN,0,,,2026-08-21T07:25:12.000Z,2710,
2026-08-21T09:30:00+02:00,2026-08-21,Friday,09:30,Disneyland Park,Fantasyland,Le Carrousel de Lancelot,CLOSED,0,,,2026-08-21T07:25:12.000Z,16,
2026-08-21T09:30:00+02:00,2026-08-21,Friday,09:30,Disneyland Park,Fantasyland,"Le Pays des Contes de Fées, presented by Vittel",OPEN,5,,,2026-08-21T07:25:12.000Z,21,
2026-08-21T09:30:00+02:00,2026-08-21,Friday,09:30,Disneyland Park,Fantasyland,Les Voyages de Pinocchio,OPEN,5,,,2026-08-21T07:25:12.000Z,23,
2026-08-21T09:30:00+02:00,2026-08-21,Friday,09:30,Disneyland Park,Fantasyland,Mad Hatter's Tea Cups,OPEN,5,,,2026-08-21T07:25:12.000Z,20,
2026-08-21T09:30:00+02:00,2026-08-21,Friday,09:30,Disneyland Park,Fantasyland,Meet Mickey Mouse,CLOSED,0,,,2026-08-21T07:25:12.000Z,13,
2026-08-21T09:30:00+02:00,2026-08-21,Friday,09:30,Disneyland Park,Fantasyland,Peter Pan's Flight,OPEN,60,,,2026-08-21T07:25:12.000Z,22,
2026-08-21T09:30:00+02:00,2026-08-21,Friday,09:30,Disneyland Park,Fantasyland,Princess Pavilion,CLOSED,0,,,2026-08-21T07:25:12.000Z,24,
2026-08-21T09:30:00+02:00,2026-08-21,Friday,09:30,Disneyland Park,Frontierland,Big Thunder Mountain,OPEN,35,,,2026-08-21T07:25:12.000Z,25,
2026-08-21T09:30:00+02:00,2026-08-21,Friday,09:30,Disneyland Park,Frontierland,Disneyland Railroad Frontierland Depot,CLOSED,0,,,2026-08-21T07:25:12.000Z,2714,
2026-08-21T09:30:00+02:00,2026-08-21,Friday,09:30,Disneyland Park,Frontierland,Frontierland Playground,CLOSED,0,,,2026-08-21T07:25:12.000Z,2713,
2026-08-21T09:30:00+02:00,2026-08-21,Friday,09:30,Disneyland Park,Frontierland,Phantom Manor,OPEN,5,,,2026-08-21T07:25:12.000Z,26,
2026-08-21T09:30:00+02:00,2026-08-21,Friday,09:30,Disneyland Park,Frontierland,River Rogue Keelboats,CLOSED,0,,,2026-08-21T07:25:12.000Z,27,
2026-08-21T09:30:00+02:00,2026-08-21,Friday,09:30,Disneyland Park,Frontierland,Rustler Roundup Shootin' Gallery,OPEN,0,,,2026-08-21T07:25:12.000Z,2712,
2026-08-21T09:30:00+02:00,2026-08-21,Friday,09:30,Disneyland Park,Frontierland,Thunder Mesa Riverboat Landing,CLOSED,0,,,2026-08-21T07:25:12.000Z,28,
2026-08-21T09:30:00+02:00,2026-08-21,Friday,09:30,Disneyland Park,Main Street U.S.A,Disneyland Railroad Main Street Station,CLOSED,0,,,2026-08-21T07:25:12.000Z,2708,
2026-08-21T09:30:00+02:00,2026-08-21,Friday,09:30,Disneyland Park,Main Street U.S.A,Main Street Vehicles,OPEN,5,,,2026-08-21T07:25:12.000Z,12,
2026-08-21T09:30:00+02:00,2026-08-21,Friday,09:30,Disney Adventure World,Marvel Avengers Campus,Avengers Assemble: Flight Force,OPEN,5,5,OPEN,2026-08-21T07:25:12.000Z,10848,10849
2026-08-21T09:30:00+02:00,2026-08-21,Friday,09:30,Disney Adventure World,Marvel Avengers Campus,Spider-Man W.E.B. Adventure,OPEN,50,5,OPEN,2026-08-21T07:25:12.000Z,10845,10846
2026-08-21T09:30:00+02:00,2026-08-21,Friday,09:30,Disney Adventure World,Production Courtyard,The Twilight Zone Tower of Terror,OPEN,5,,,2026-08-21T07:25:12.000Z,40,
2026-08-21T09:30:00+02:00,2026-08-21,Friday,09:30,Disney Adventure World,Toon Studio,Cars Quatre Roues Rallye,CLOSED,0,,,2026-08-21T07:25:12.000Z,31,
2026-08-21T09:30:00+02:00,2026-08-21,Friday,09:30,Disney Adventure World,Toon Studio,Cars ROAD TRIP,CLOSED,0,,,2026-08-21T07:25:12.000Z,29,
2026-08-21T09:30:00+02:00,2026-08-21,Friday,09:30,Disney Adventure World,Toon Studio,Crush's Coaster,OPEN,85,50,OPEN,2026-08-21T07:25:12.000Z,32,7277
2026-08-21T09:30:00+02:00,2026-08-21,Friday,09:30,Disney Adventure World,Toon Studio,Les Tapis Volants - Flying Carpets Over Agrabah®,CLOSED,0,,,2026-08-21T07:25:12.000Z,33,
2026-08-21T09:30:00+02:00,2026-08-21,Friday,09:30,Disney Adventure World,Toon Studio,Ratatouille : L’Aventure Totalement Toquée de Rémy​,OPEN,35,5,OPEN,2026-08-21T07:25:12.000Z,37,7279
2026-08-21T09:30:00+02:00,2026-08-21,Friday,09:30,Disney Adventure World,Toon Studio,RC Racer,OPEN,5,5,OPEN,2026-08-21T07:25:12.000Z,34,7280
2026-08-21T09:30:00+02:00,2026-08-21,Friday,09:30,Disney Adventure World,Toon Studio,Slinky® Dog Zigzag Spin,OPEN,5,,,2026-08-21T07:25:12.000Z,36,
2026-08-21T09:30:00+02:00,2026-08-21,Friday,09:30,Disney Adventure World,Toon Studio,Toy Soldiers Parachute Drop,OPEN,30,5,OPEN,2026-08-21T07:25:12.000Z,35,7281
2026-08-21T09:30:00+02:00,2026-08-21,Friday,09:30,Disney Adventure World,World of Frozen,Entry to World of Frozen,OPEN,0,,,2026-08-21T07:25:12.000Z,16247,
2026-08-21T09:30:00+02:00,2026-08-21,Friday,09:30,Disney Adventure World,World of Frozen,Frozen Ever After,OPEN,80,,,2026-08-21T07:25:12.000Z,15413,
2026-08-21T09:30:00+02:00,2026-08-21,Friday,09:30,Disney Adventure World,World of Frozen,Raiponce Tangled Spin,OPEN,5,,,2026-08-21T07:25:12.000Z,15415,
2026-08-21T09:45:00+02:00,2026-08-21,Friday,09:45,Disneyland Park,Adventureland,Adventure Isle,OPEN,0,,,2026-08-21T07:40:15.000Z,2702,
2026-08-21T09:45:00+02:00,2026-08-21,Friday,09:45,Disneyland Park,Adventureland,Indiana Jones™ and the Temple of Peril,OPEN,5,5,OPEN,2026-08-21T07:40:15.000Z,2,7306
2026-08-21T09:45:00+02:00,2026-08-21,Friday,09:45,Disneyland Park,Adventureland,La Cabane des Robinson,OPEN,5,,,2026-08-21T07:40:15.000Z,1,
2026-08-21T09:45:00+02:00,2026-08-21,Friday,09:45,Disneyland Park,Adventureland,Le Passage Enchanté d'Aladdin,OPEN,0,,,2026-08-21T07:40:15.000Z,2703,
2026-08-21T09:45:00+02:00,2026-08-21,Friday,09:45,Disneyland Park,Adventureland,Pirate Galleon,CLOSED,0,,,2026-08-21T07:40:15.000Z,2705,
2026-08-21T09:45:00+02:00,2026-08-21,Friday,09:45,Disneyland Park,Adventureland,Pirates of the Caribbean,OPEN,15,,,2026-08-21T07:40:15.000Z,3,
2026-08-21T09:45:00+02:00,2026-08-21,Friday,09:45,Disneyland Park,Adventureland,Pirates' Beach,OPEN,0,,,2026-08-21T07:40:15.000Z,2704,
2026-08-21T09:45:00+02:00,2026-08-21,Friday,09:45,Disneyland Park,Discoveryland,"Autopia, presented by Avis",OPEN,45,,,2026-08-21T07:40:15.000Z,4,
2026-08-21T09:45:00+02:00,2026-08-21,Friday,09:45,Disneyland Park,Discoveryland,Buzz Lightyear Laser Blast,OPEN,40,,,2026-08-21T07:40:15.000Z,5,
2026-08-21T09:45:00+02:00,2026-08-21,Friday,09:45,Disneyland Park,Discoveryland,Disneyland Railroad Discoveryland Station,CLOSED,0,,,2026-08-21T07:40:15.000Z,2706,
2026-08-21T09:45:00+02:00,2026-08-21,Friday,09:45,Disneyland Park,Discoveryland,Les Mystères du Nautilus,OPEN,5,,,2026-08-21T07:40:15.000Z,6,
2026-08-21T09:45:00+02:00,2026-08-21,Friday,09:45,Disneyland Park,Discoveryland,Mickey’s PhilharMagic,CLOSED,0,,,2026-08-21T07:40:15.000Z,2707,
2026-08-21T09:45:00+02:00,2026-08-21,Friday,09:45,Disneyland Park,Discoveryland,Orbitron®,OPEN,25,,,2026-08-21T07:40:15.000Z,7,
2026-08-21T09:45:00+02:00,2026-08-21,Friday,09:45,Disneyland Park,Discoveryland,Star Tours: The Adventures Continue*,OPEN,5,,,2026-08-21T07:40:15.000Z,9,
2026-08-21T09:45:00+02:00,2026-08-21,Friday,09:45,Disneyland Park,Discoveryland,Star Wars Hyperspace Mountain,OPEN,20,5,OPEN,2026-08-21T07:40:15.000Z,8,7278
2026-08-21T09:45:00+02:00,2026-08-21,Friday,09:45,Disneyland Park,Discoveryland,Welcome to Starport: A Star Wars Encounter,CLOSED,0,,,2026-08-21T07:40:15.000Z,4573,
2026-08-21T09:45:00+02:00,2026-08-21,Friday,09:45,Disneyland Park,Fantasyland,"""it's a small world""",OPEN,5,,,2026-08-21T07:40:15.000Z,19,
2026-08-21T09:45:00+02:00,2026-08-21,Friday,09:45,Disneyland Park,Fantasyland,Alice's Curious Labyrinth,OPEN,5,,,2026-08-21T07:40:15.000Z,14,
2026-08-21T09:45:00+02:00,2026-08-21,Friday,09:45,Disneyland Park,Fantasyland,Blanche-Neige et les Sept Nains®,CLOSED,0,,,2026-08-21T07:40:15.000Z,15,
2026-08-21T09:45:00+02:00,2026-08-21,Friday,09:45,Disneyland Park,Fantasyland,Casey Jr. – le Petit Train du Cirque,OPEN,5,,,2026-08-21T07:40:15.000Z,17,
2026-08-21T09:45:00+02:00,2026-08-21,Friday,09:45,Disneyland Park,Fantasyland,Disneyland Railroad Fantasyland Station,CLOSED,0,,,2026-08-21T07:40:15.000Z,2711,
2026-08-21T09:45:00+02:00,2026-08-21,Friday,09:45,Disneyland Park,Fantasyland,Disneyland Railroad Main Street Station,CLOSED,0,,,2026-08-21T07:40:15.000Z,11,
2026-08-21T09:45:00+02:00,2026-08-21,Friday,09:45,Disneyland Park,Fantasyland,Dumbo the Flying Elephant,CLOSED,0,,,2026-08-21T07:40:15.000Z,18,
2026-08-21T09:45:00+02:00,2026-08-21,Friday,09:45,Disneyland Park,Fantasyland,La Tanière du Dragon,OPEN,0,,,2026-08-21T07:40:15.000Z,2710,
2026-08-21T09:45:00+02:00,2026-08-21,Friday,09:45,Disneyland Park,Fantasyland,Le Carrousel de Lancelot,OPEN,0,,,2026-08-21T07:40:15.000Z,16,
2026-08-21T09:45:00+02:00,2026-08-21,Friday,09:45,Disneyland Park,Fantasyland,"Le Pays des Contes de Fées, presented by Vittel",OPEN,5,,,2026-08-21T07:40:15.000Z,21,
2026-08-21T09:45:00+02:00,2026-08-21,Friday,09:45,Disneyland Park,Fantasyland,Les Voyages de Pinocchio,OPEN,5,,,2026-08-21T07:40:15.000Z,23,
2026-08-21T09:45:00+02:00,2026-08-21,Friday,09:45,Disneyland Park,Fantasyland,Mad Hatter's Tea Cups,OPEN,5,,,2026-08-21T07:40:15.000Z,20,
2026-08-21T09:45:00+02:00,2026-08-21,Friday,09:45,Disneyland Park,Fantasyland,Meet Mickey Mouse,CLOSED,0,,,2026-08-21T07:40:15.000Z,13,
2026-08-21T09:45:00+02:00,2026-08-21,Friday,09:45,Disneyland Park,Fantasyland,Peter Pan's Flight,OPEN,65,,,2026-08-21T07:40:15.000Z,22,
2026-08-21T09:45:00+02:00,2026-08-21,Friday,09:45,Disneyland Park,Fantasyland,Princess Pavilion,CLOSED,0,,,2026-08-21T07:40:15.000Z,24,
2026-08-21T09:45:00+02:00,2026-08-21,Friday,09:45,Disneyland Park,Frontierland,Big Thunder Mountain,OPEN,45,,,2026-08-21T07:40:15.000Z,25,
2026-08-21T09:45:00+02:00,2026-08-21,Friday,09:45,Disneyland Park,Frontierland,Disneyland Railroad Frontierland Depot,CLOSED,0,,,2026-08-21T07:40:15.000Z,2714,
2026-08-21T09:45:00+02:00,2026-08-21,Friday,09:45,Disneyland Park,Frontierland,Frontierland Playground,OPEN,0,,,2026-08-21T07:40:15.000Z,2713,
2026-08-21T09:45:00+02:00,2026-08-21,Friday,09:45,Disneyland Park,Frontierland,Phantom Manor,OPEN,5,,,2026-08-21T07:40:15.000Z,26,
2026-08-21T09:45:00+02:00,2026-08-21,Friday,09:45,Disneyland Park,Frontierland,River Rogue Keelboats,CLOSED,0,,,2026-08-21T07:40:15.000Z,27,
2026-08-21T09:45:00+02:00,2026-08-21,Friday,09:45,Disneyland Park,Frontierland,Rustler Roundup Shootin' Gallery,OPEN,0,,,2026-08-21T07:40:15.000Z,2712,
2026-08-21T09:45:00+02:00,2026-08-21,Friday,09:45,Disneyland Park,Frontierland,Thunder Mesa Riverboat Landing,CLOSED,0,,,2026-08-21T07:40:15.000Z,28,
2026-08-21T09:45:00+02:00,2026-08-21,Friday,09:45,Disneyland Park,Main Street U.S.A,Disneyland Railroad Main Street Station,CLOSED,0,,,2026-08-21T07:40:15.000Z,2708,
2026-08-21T09:45:00+02:00,2026-08-21,Friday,09:45,Disneyland Park,Main Street U.S.A,Main Street Vehicles,OPEN,5,,,2026-08-21T07:40:15.000Z,12,
2026-08-21T09:45:00+02:00,2026-08-21,Friday,09:45,Disney Adventure World,Marvel Avengers Campus,Avengers Assemble: Flight Force,OPEN,5,5,OPEN,2026-08-21T07:40:15.000Z,10848,10849
2026-08-21T09:45:00+02:00,2026-08-21,Friday,09:45,Disney Adventure World,Marvel Avengers Campus,Spider-Man W.E.B. Adventure,OPEN,50,15,OPEN,2026-08-21T07:40:15.000Z,10845,10846
2026-08-21T09:45:00+02:00,2026-08-21,Friday,09:45,Disney Adventure World,Production Courtyard,The Twilight Zone Tower of Terror,OPEN,20,,,2026-08-21T07:40:15.000Z,40,
2026-08-21T09:45:00+02:00,2026-08-21,Friday,09:45,Disney Adventure World,Toon Studio,Cars Quatre Roues Rallye,OPEN,5,,,2026-08-21T07:40:15.000Z,31,
2026-08-21T09:45:00+02:00,2026-08-21,Friday,09:45,Disney Adventure World,Toon Studio,Cars ROAD TRIP,OPEN,5,,,2026-08-21T07:40:15.000Z,29,
2026-08-21T09:45:00+02:00,2026-08-21,Friday,09:45,Disney Adventure World,Toon Studio,Crush's Coaster,OPEN,80,60,OPEN,2026-08-21T07:40:15.000Z,32,7277
2026-08-21T09:45:00+02:00,2026-08-21,Friday,09:45,Disney Adventure World,Toon Studio,Les Tapis Volants - Flying Carpets Over Agrabah®,OPEN,10,,,2026-08-21T07:40:15.000Z,33,
2026-08-21T09:45:00+02:00,2026-08-21,Friday,09:45,Disney Adventure World,Toon Studio,Ratatouille : L’Aventure Totalement Toquée de Rémy​,OPEN,65,5,OPEN,2026-08-21T07:40:15.000Z,37,7279
2026-08-21T09:45:00+02:00,2026-08-21,Friday,09:45,Disney Adventure World,Toon Studio,RC Racer,OPEN,20,15,OPEN,2026-08-21T07:40:15.000Z,34,7280
2026-08-21T09:45:00+02:00,2026-08-21,Friday,09:45,Disney Adventure World,Toon Studio,Slinky® Dog Zigzag Spin,OPEN,5,,,2026-08-21T07:40:15.000Z,36,
2026-08-21T09:45:00+02:00,2026-08-21,Friday,09:45,Disney Adventure World,Toon Studio,Toy Soldiers Parachute Drop,OPEN,45,5,OPEN,2026-08-21T07:40:15.000Z,35,7281
2026-08-21T09:45:00+02:00,2026-08-21,Friday,09:45,Disney Adventure World,World of Frozen,Entry to World of Frozen,OPEN,0,,,2026-08-21T07:40:15.000Z,16247,
2026-08-21T09:45:00+02:00,2026-08-21,Friday,09:45,Disney Adventure World,World of Frozen,Frozen Ever After,OPEN,80,,,2026-08-21T07:40:15.000Z,15413,
2026-08-21T09:45:00+02:00,2026-08-21,Friday,09:45,Disney Adventure World,World of Frozen,Raiponce Tangled Spin,OPEN,5,,,2026-08-21T07:40:15.000Z,15415,
2026-08-21T10:00:00+02:00,2026-08-21,Friday,10:00,Disneyland Park,Adventureland,Adventure Isle,OPEN,0,,,2026-08-21T07:55:14.000Z,2702,
2026-08-21T10:00:00+02:00,2026-08-21,Friday,10:00,Disneyland Park,Adventureland,Indiana Jones™ and the Temple of Peril,OPEN,5,5,OPEN,2026-08-21T07:55:14.000Z,2,7306
2026-08-21T10:00:00+02:00,2026-08-21,Friday,10:00,Disneyland Park,Adventureland,La Cabane des Robinson,OPEN,5,,,2026-08-21T07:55:14.000Z,1,
2026-08-21T10:00:00+02:00,2026-08-21,Friday,10:00,Disneyland Park,Adventureland,Le Passage Enchanté d'Aladdin,OPEN,0,,,2026-08-21T07:55:14.000Z,2703,
2026-08-21T10:00:00+02:00,2026-08-21,Friday,10:00,Disneyland Park,Adventureland,Pirate Galleon,CLOSED,0,,,2026-08-21T07:55:14.000Z,2705,
2026-08-21T10:00:00+02:00,2026-08-21,Friday,10:00,Disneyland Park,Adventureland,Pirates of the Caribbean,OPEN,15,,,2026-08-21T07:55:14.000Z,3,
2026-08-21T10:00:00+02:00,2026-08-21,Friday,10:00,Disneyland Park,Adventureland,Pirates' Beach,OPEN,0,,,2026-08-21T07:55:14.000Z,2704,
2026-08-21T10:00:00+02:00,2026-08-21,Friday,10:00,Disneyland Park,Discoveryland,"Autopia, presented by Avis",OPEN,25,,,2026-08-21T07:55:14.000Z,4,
2026-08-21T10:00:00+02:00,2026-08-21,Friday,10:00,Disneyland Park,Discoveryland,Buzz Lightyear Laser Blast,OPEN,30,,,2026-08-21T07:55:14.000Z,5,
2026-08-21T10:00:00+02:00,2026-08-21,Friday,10:00,Disneyland Park,Discoveryland,Disneyland Railroad Discoveryland Station,CLOSED,0,,,2026-08-21T07:55:14.000Z,2706,
2026-08-21T10:00:00+02:00,2026-08-21,Friday,10:00,Disneyland Park,Discoveryland,Les Mystères du Nautilus,OPEN,5,,,2026-08-21T07:55:14.000Z,6,
2026-08-21T10:00:00+02:00,2026-08-21,Friday,10:00,Disneyland Park,Discoveryland,Mickey’s PhilharMagic,CLOSED,0,,,2026-08-21T07:55:14.000Z,2707,
2026-08-21T10:00:00+02:00,2026-08-21,Friday,10:00,Disneyland Park,Discoveryland,Orbitron®,OPEN,50,,,2026-08-21T07:55:14.000Z,7,
2026-08-21T10:00:00+02:00,2026-08-21,Friday,10:00,Disneyland Park,Discoveryland,Star Tours: The Adventures Continue*,OPEN,5,,,2026-08-21T07:55:14.000Z,9,
2026-08-21T10:00:00+02:00,2026-08-21,Friday,10:00,Disneyland Park,Discoveryland,Star Wars Hyperspace Mountain,OPEN,15,5,OPEN,2026-08-21T07:55:14.000Z,8,7278
2026-08-21T10:00:00+02:00,2026-08-21,Friday,10:00,Disneyland Park,Discoveryland,Welcome to Starport: A Star Wars Encounter,CLOSED,0,,,2026-08-21T07:55:14.000Z,4573,
2026-08-21T10:00:00+02:00,2026-08-21,Friday,10:00,Disneyland Park,Fantasyland,"""it's a small world""",OPEN,5,,,2026-08-21T07:55:14.000Z,19,
2026-08-21T10:00:00+02:00,2026-08-21,Friday,10:00,Disneyland Park,Fantasyland,Alice's Curious Labyrinth,OPEN,5,,,2026-08-21T07:55:14.000Z,14,
2026-08-21T10:00:00+02:00,2026-08-21,Friday,10:00,Disneyland Park,Fantasyland,Blanche-Neige et les Sept Nains®,CLOSED,0,,,2026-08-21T07:55:14.000Z,15,
2026-08-21T10:00:00+02:00,2026-08-21,Friday,10:00,Disneyland Park,Fantasyland,Casey Jr. – le Petit Train du Cirque,OPEN,5,,,2026-08-21T07:55:14.000Z,17,
2026-08-21T10:00:00+02:00,2026-08-21,Friday,10:00,Disneyland Park,Fantasyland,Disneyland Railroad Fantasyland Station,CLOSED,0,,,2026-08-21T07:55:14.000Z,2711,
2026-08-21T10:00:00+02:00,2026-08-21,Friday,10:00,Disneyland Park,Fantasyland,Disneyland Railroad Main Street Station,CLOSED,0,,,2026-08-21T07:55:14.000Z,11,
2026-08-21T10:00:00+02:00,2026-08-21,Friday,10:00,Disneyland Park,Fantasyland,Dumbo the Flying Elephant,CLOSED,0,,,2026-08-21T07:55:14.000Z,18,
2026-08-21T10:00:00+02:00,2026-08-21,Friday,10:00,Disneyland Park,Fantasyland,La Tanière du Dragon,OPEN,0,,,2026-08-21T07:55:14.000Z,2710,
2026-08-21T10:00:00+02:00,2026-08-21,Friday,10:00,Disneyland Park,Fantasyland,Le Carrousel de Lancelot,OPEN,0,,,2026-08-21T07:55:14.000Z,16,
2026-08-21T10:00:00+02:00,2026-08-21,Friday,10:00,Disneyland Park,Fantasyland,"Le Pays des Contes de Fées, presented by Vittel",OPEN,5,,,2026-08-21T07:55:14.000Z,21,
2026-08-21T10:00:00+02:00,2026-08-21,Friday,10:00,Disneyland Park,Fantasyland,Les Voyages de Pinocchio,OPEN,5,,,2026-08-21T07:55:14.000Z,23,
2026-08-21T10:00:00+02:00,2026-08-21,Friday,10:00,Disneyland Park,Fantasyland,Mad Hatter's Tea Cups,OPEN,5,,,2026-08-21T07:55:14.000Z,20,
2026-08-21T10:00:00+02:00,2026-08-21,Friday,10:00,Disneyland Park,Fantasyland,Meet Mickey Mouse,CLOSED,0,,,2026-08-21T07:55:14.000Z,13,
2026-08-21T10:00:00+02:00,2026-08-21,Friday,10:00,Disneyland Park,Fantasyland,Peter Pan's Flight,OPEN,55,,,2026-08-21T07:55:14.000Z,22,
2026-08-21T10:00:00+02:00,2026-08-21,Friday,10:00,Disneyland Park,Fantasyland,Princess Pavilion,CLOSED,0,,,2026-08-21T07:55:14.000Z,24,
2026-08-21T10:00:00+02:00,2026-08-21,Friday,10:00,Disneyland Park,Frontierland,Big Thunder Mountain,OPEN,55,,,2026-08-21T07:55:14.000Z,25,
2026-08-21T10:00:00+02:00,2026-08-21,Friday,10:00,Disneyland Park,Frontierland,Disneyland Railroad Frontierland Depot,CLOSED,0,,,2026-08-21T07:55:14.000Z,2714,
2026-08-21T10:00:00+02:00,2026-08-21,Friday,10:00,Disneyland Park,Frontierland,Frontierland Playground,OPEN,0,,,2026-08-21T07:55:14.000Z,2713,
2026-08-21T10:00:00+02:00,2026-08-21,Friday,10:00,Disneyland Park,Frontierland,Phantom Manor,OPEN,5,,,2026-08-21T07:55:14.000Z,26,
2026-08-21T10:00:00+02:00,2026-08-21,Friday,10:00,Disneyland Park,Frontierland,River Rogue Keelboats,CLOSED,0,,,2026-08-21T07:55:14.000Z,27,
2026-08-21T10:00:00+02:00,2026-08-21,Friday,10:00,Disneyland Park,Frontierland,Rustler Roundup Shootin' Gallery,OPEN,0,,,2026-08-21T07:55:14.000Z,2712,
2026-08-21T10:00:00+02:00,2026-08-21,Friday,10:00,Disneyland Park,Frontierland,Thunder Mesa Riverboat Landing,CLOSED,0,,,2026-08-21T07:55:14.000Z,28,
2026-08-21T10:00:00+02:00,2026-08-21,Friday,10:00,Disneyland Park,Main Street U.S.A,Disneyland Railroad Main Street Station,CLOSED,0,,,2026-08-21T07:55:14.000Z,2708,
2026-08-21T10:00:00+02:00,2026-08-21,Friday,10:00,Disneyland Park,Main Street U.S.A,Main Street Vehicles,OPEN,5,,,2026-08-21T07:55:14.000Z,12,
2026-08-21T10:00:00+02:00,2026-08-21,Friday,10:00,Disney Adventure World,Marvel Avengers Campus,Avengers Assemble: Flight Force,OPEN,20,10,OPEN,2026-08-21T07:55:14.000Z,10848,10849
2026-08-21T10:00:00+02:00,2026-08-21,Friday,10:00,Disney Adventure World,Marvel Avengers Campus,Spider-Man W.E.B. Adventure,OPEN,50,15,OPEN,2026-08-21T07:55:14.000Z,10845,10846
2026-08-21T10:00:00+02:00,2026-08-21,Friday,10:00,Disney Adventure World,Production Courtyard,The Twilight Zone Tower of Terror,OPEN,50,,,2026-08-21T07:55:14.000Z,40,
2026-08-21T10:00:00+02:00,2026-08-21,Friday,10:00,Disney Adventure World,Toon Studio,Cars Quatre Roues Rallye,OPEN,5,,,2026-08-21T07:55:14.000Z,31,
2026-08-21T10:00:00+02:00,2026-08-21,Friday,10:00,Disney Adventure World,Toon Studio,Cars ROAD TRIP,OPEN,5,,,2026-08-21T07:55:14.000Z,29,
2026-08-21T10:00:00+02:00,2026-08-21,Friday,10:00,Disney Adventure World,Toon Studio,Crush's Coaster,OPEN,85,50,OPEN,2026-08-21T07:55:14.000Z,32,7277
2026-08-21T10:00:00+02:00,2026-08-21,Friday,10:00,Disney Adventure World,Toon Studio,Les Tapis Volants - Flying Carpets Over Agrabah®,OPEN,5,,,2026-08-21T07:55:14.000Z,33,
2026-08-21T10:00:00+02:00,2026-08-21,Friday,10:00,Disney Adventure World,Toon Studio,Ratatouille : L’Aventure Totalement Toquée de Rémy​,OPEN,40,5,OPEN,2026-08-21T07:55:14.000Z,37,7279
2026-08-21T10:00:00+02:00,2026-08-21,Friday,10:00,Disney Adventure World,Toon Studio,RC Racer,OPEN,25,20,OPEN,2026-08-21T07:55:14.000Z,34,7280
2026-08-21T10:00:00+02:00,2026-08-21,Friday,10:00,Disney Adventure World,Toon Studio,Slinky® Dog Zigzag Spin,OPEN,5,,,2026-08-21T07:55:14.000Z,36,
2026-08-21T10:00:00+02:00,2026-08-21,Friday,10:00,Disney Adventure World,Toon Studio,Toy Soldiers Parachute Drop,OPEN,50,20,OPEN,2026-08-21T07:55:14.000Z,35,7281
2026-08-21T10:00:00+02:00,2026-08-21,Friday,10:00,Disney Adventure World,World of Frozen,Entry to World of Frozen,OPEN,0,,,2026-08-21T07:55:14.000Z,16247,
2026-08-21T10:00:00+02:00,2026-08-21,Friday,10:00,Disney Adventure World,World of Frozen,Frozen Ever After,OPEN,80,,,2026-08-21T07:55:14.000Z,15413,
2026-08-21T10:00:00+02:00,2026-08-21,Friday,10:00,Disney Adventure World,World of Frozen,Raiponce Tangled Spin,OPEN,5,,,2026-08-21T07:55:14.000Z,15415,
2026-08-21T10:15:00+02:00,2026-08-21,Friday,10:15,Disneyland Park,Adventureland,Adventure Isle,OPEN,0,,,2026-08-21T08:10:03.000Z,2702,
2026-08-21T10:15:00+02:00,2026-08-21,Friday,10:15,Disneyland Park,Adventureland,Indiana Jones™ and the Temple of Peril,OPEN,5,5,OPEN,2026-08-21T08:10:03.000Z,2,7306
2026-08-21T10:15:00+02:00,2026-08-21,Friday,10:15,Disneyland Park,Adventureland,La Cabane des Robinson,OPEN,5,,,2026-08-21T08:10:03.000Z,1,
2026-08-21T10:15:00+02:00,2026-08-21,Friday,10:15,Disneyland Park,Adventureland,Le Passage Enchanté d'Aladdin,OPEN,0,,,2026-08-21T08:10:03.000Z,2703,
2026-08-21T10:15:00+02:00,2026-08-21,Friday,10:15,Disneyland Park,Adventureland,Pirate Galleon,CLOSED,0,,,2026-08-21T08:10:03.000Z,2705,
2026-08-21T10:15:00+02:00,2026-08-21,Friday,10:15,Disneyland Park,Adventureland,Pirates of the Caribbean,OPEN,15,,,2026-08-21T08:10:03.000Z,3,
2026-08-21T10:15:00+02:00,2026-08-21,Friday,10:15,Disneyland Park,Adventureland,Pirates' Beach,OPEN,0,,,2026-08-21T08:10:03.000Z,2704,
2026-08-21T10:15:00+02:00,2026-08-21,Friday,10:15,Disneyland Park,Discoveryland,"Autopia, presented by Avis",OPEN,20,,,2026-08-21T08:10:03.000Z,4,
2026-08-21T10:15:00+02:00,2026-08-21,Friday,10:15,Disneyland Park,Discoveryland,Buzz Lightyear Laser Blast,OPEN,30,,,2026-08-21T08:10:03.000Z,5,
2026-08-21T10:15:00+02:00,2026-08-21,Friday,10:15,Disneyland Park,Discoveryland,Disneyland Railroad Discoveryland Station,CLOSED,0,,,2026-08-21T08:10:03.000Z,2706,
2026-08-21T10:15:00+02:00,2026-08-21,Friday,10:15,Disneyland Park,Discoveryland,Les Mystères du Nautilus,OPEN,5,,,2026-08-21T08:10:03.000Z,6,
2026-08-21T10:15:00+02:00,2026-08-21,Friday,10:15,Disneyland Park,Discoveryland,Mickey’s PhilharMagic,CLOSED,0,,,2026-08-21T08:10:03.000Z,2707,
2026-08-21T10:15:00+02:00,2026-08-21,Friday,10:15,Disneyland Park,Discoveryland,Orbitron®,OPEN,50,,,2026-08-21T08:10:03.000Z,7,
2026-08-21T10:15:00+02:00,2026-08-21,Friday,10:15,Disneyland Park,Discoveryland,Star Tours: The Adventures Continue*,OPEN,5,,,2026-08-21T08:10:03.000Z,9,
2026-08-21T10:15:00+02:00,2026-08-21,Friday,10:15,Disneyland Park,Discoveryland,Star Wars Hyperspace Mountain,OPEN,15,10,OPEN,2026-08-21T08:10:03.000Z,8,7278
2026-08-21T10:15:00+02:00,2026-08-21,Friday,10:15,Disneyland Park,Discoveryland,Welcome to Starport: A Star Wars Encounter,OPEN,20,,,2026-08-21T08:10:03.000Z,4573,
2026-08-21T10:15:00+02:00,2026-08-21,Friday,10:15,Disneyland Park,Fantasyland,"""it's a small world""",OPEN,5,,,2026-08-21T08:10:03.000Z,19,
2026-08-21T10:15:00+02:00,2026-08-21,Friday,10:15,Disneyland Park,Fantasyland,Alice's Curious Labyrinth,OPEN,5,,,2026-08-21T08:10:03.000Z,14,
2026-08-21T10:15:00+02:00,2026-08-21,Friday,10:15,Disneyland Park,Fantasyland,Blanche-Neige et les Sept Nains®,OPEN,5,,,2026-08-21T08:10:03.000Z,15,
2026-08-21T10:15:00+02:00,2026-08-21,Friday,10:15,Disneyland Park,Fantasyland,Casey Jr. – le Petit Train du Cirque,OPEN,5,,,2026-08-21T08:10:03.000Z,17,
2026-08-21T10:15:00+02:00,2026-08-21,Friday,10:15,Disneyland Park,Fantasyland,Disneyland Railroad Fantasyland Station,CLOSED,0,,,2026-08-21T08:10:03.000Z,2711,
2026-08-21T10:15:00+02:00,2026-08-21,Friday,10:15,Disneyland Park,Fantasyland,Disneyland Railroad Main Street Station,CLOSED,0,,,2026-08-21T08:10:03.000Z,11,
2026-08-21T10:15:00+02:00,2026-08-21,Friday,10:15,Disneyland Park,Fantasyland,Dumbo the Flying Elephant,CLOSED,0,,,2026-08-21T08:10:03.000Z,18,
2026-08-21T10:15:00+02:00,2026-08-21,Friday,10:15,Disneyland Park,Fantasyland,La Tanière du Dragon,OPEN,0,,,2026-08-21T08:10:03.000Z,2710,
2026-08-21T10:15:00+02:00,2026-08-21,Friday,10:15,Disneyland Park,Fantasyland,Le Carrousel de Lancelot,OPEN,10,,,2026-08-21T08:10:03.000Z,16,
2026-08-21T10:15:00+02:00,2026-08-21,Friday,10:15,Disneyland Park,Fantasyland,"Le Pays des Contes de Fées, presented by Vittel",OPEN,5,,,2026-08-21T08:10:03.000Z,21,
2026-08-21T10:15:00+02:00,2026-08-21,Friday,10:15,Disneyland Park,Fantasyland,Les Voyages de Pinocchio,OPEN,10,,,2026-08-21T08:10:03.000Z,23,
2026-08-21T10:15:00+02:00,2026-08-21,Friday,10:15,Disneyland Park,Fantasyland,Mad Hatter's Tea Cups,OPEN,5,,,2026-08-21T08:10:03.000Z,20,
2026-08-21T10:15:00+02:00,2026-08-21,Friday,10:15,Disneyland Park,Fantasyland,Meet Mickey Mouse,OPEN,0,,,2026-08-21T08:10:03.000Z,13,
2026-08-21T10:15:00+02:00,2026-08-21,Friday,10:15,Disneyland Park,Fantasyland,Peter Pan's Flight,OPEN,55,,,2026-08-21T08:10:03.000Z,22,
2026-08-21T10:15:00+02:00,2026-08-21,Friday,10:15,Disneyland Park,Fantasyland,Princess Pavilion,OPEN,0,,,2026-08-21T08:10:03.000Z,24,
2026-08-21T10:15:00+02:00,2026-08-21,Friday,10:15,Disneyland Park,Frontierland,Big Thunder Mountain,OPEN,55,,,2026-08-21T08:10:03.000Z,25,
2026-08-21T10:15:00+02:00,2026-08-21,Friday,10:15,Disneyland Park,Frontierland,Disneyland Railroad Frontierland Depot,CLOSED,0,,,2026-08-21T08:10:03.000Z,2714,
2026-08-21T10:15:00+02:00,2026-08-21,Friday,10:15,Disneyland Park,Frontierland,Frontierland Playground,OPEN,0,,,2026-08-21T08:10:03.000Z,2713,
2026-08-21T10:15:00+02:00,2026-08-21,Friday,10:15,Disneyland Park,Frontierland,Phantom Manor,OPEN,5,,,2026-08-21T08:10:03.000Z,26,
2026-08-21T10:15:00+02:00,2026-08-21,Friday,10:15,Disneyland Park,Frontierland,River Rogue Keelboats,CLOSED,0,,,2026-08-21T08:10:03.000Z,27,
2026-08-21T10:15:00+02:00,2026-08-21,Friday,10:15,Disneyland Park,Frontierland,Rustler Roundup Shootin' Gallery,OPEN,0,,,2026-08-21T08:10:03.000Z,2712,
2026-08-21T10:15:00+02:00,2026-08-21,Friday,10:15,Disneyland Park,Frontierland,Thunder Mesa Riverboat Landing,CLOSED,0,,,2026-08-21T08:10:03.000Z,28,
2026-08-21T10:15:00+02:00,2026-08-21,Friday,10:15,Disneyland Park,Main Street U.S.A,Disneyland Railroad Main Street Station,CLOSED,0,,,2026-08-21T08:10:03.000Z,2708,
2026-08-21T10:15:00+02:00,2026-08-21,Friday,10:15,Disneyland Park,Main Street U.S.A,Main Street Vehicles,OPEN,5,,,2026-08-21T08:10:03.000Z,12,
2026-08-21T10:15:00+02:00,2026-08-21,Friday,10:15,Disney Adventure World,Marvel Avengers Campus,Avengers Assemble: Flight Force,OPEN,15,10,OPEN,2026-08-21T08:10:03.000Z,10848,10849
2026-08-21T10:15:00+02:00,2026-08-21,Friday,10:15,Disney Adventure World,Marvel Avengers Campus,Spider-Man W.E.B. Adventure,OPEN,50,15,OPEN,2026-08-21T08:10:03.000Z,10845,10846
2026-08-21T10:15:00+02:00,2026-08-21,Friday,10:15,Disney Adventure World,Production Courtyard,The Twilight Zone Tower of Terror,OPEN,85,,,2026-08-21T08:10:03.000Z,40,
2026-08-21T10:15:00+02:00,2026-08-21,Friday,10:15,Disney Adventure World,Toon Studio,Cars Quatre Roues Rallye,OPEN,5,,,2026-08-21T08:10:03.000Z,31,
2026-08-21T10:15:00+02:00,2026-08-21,Friday,10:15,Disney Adventure World,Toon Studio,Cars ROAD TRIP,OPEN,5,,,2026-08-21T08:10:03.000Z,29,
2026-08-21T10:15:00+02:00,2026-08-21,Friday,10:15,Disney Adventure World,Toon Studio,Crush's Coaster,OPEN,95,40,OPEN,2026-08-21T08:10:03.000Z,32,7277
2026-08-21T10:15:00+02:00,2026-08-21,Friday,10:15,Disney Adventure World,Toon Studio,Les Tapis Volants - Flying Carpets Over Agrabah®,OPEN,10,,,2026-08-21T08:10:03.000Z,33,
2026-08-21T10:15:00+02:00,2026-08-21,Friday,10:15,Disney Adventure World,Toon Studio,Ratatouille : L’Aventure Totalement Toquée de Rémy​,OPEN,40,5,OPEN,2026-08-21T08:10:03.000Z,37,7279
2026-08-21T10:15:00+02:00,2026-08-21,Friday,10:15,Disney Adventure World,Toon Studio,RC Racer,OPEN,40,30,OPEN,2026-08-21T08:10:03.000Z,34,7280
2026-08-21T10:15:00+02:00,2026-08-21,Friday,10:15,Disney Adventure World,Toon Studio,Slinky® Dog Zigzag Spin,OPEN,15,,,2026-08-21T08:10:03.000Z,36,
2026-08-21T10:15:00+02:00,2026-08-21,Friday,10:15,Disney Adventure World,Toon Studio,Toy Soldiers Parachute Drop,OPEN,50,25,OPEN,2026-08-21T08:10:03.000Z,35,7281
2026-08-21T10:15:00+02:00,2026-08-21,Friday,10:15,Disney Adventure World,World of Frozen,Entry to World of Frozen,OPEN,0,,,2026-08-21T08:10:03.000Z,16247,
2026-08-21T10:15:00+02:00,2026-08-21,Friday,10:15,Disney Adventure World,World of Frozen,Frozen Ever After,OPEN,55,,,2026-08-21T08:10:03.000Z,15413,
2026-08-21T10:15:00+02:00,2026-08-21,Friday,10:15,Disney Adventure World,World of Frozen,Raiponce Tangled Spin,OPEN,5,,,2026-08-21T08:10:03.000Z,15415,
2026-08-21T10:30:00+02:00,2026-08-21,Friday,10:30,Disneyland Park,Adventureland,Adventure Isle,OPEN,0,,,2026-08-21T08:25:10.000Z,2702,
2026-08-21T10:30:00+02:00,2026-08-21,Friday,10:30,Disneyland Park,Adventureland,Indiana Jones™ and the Temple of Peril,OPEN,10,5,OPEN,2026-08-21T08:25:10.000Z,2,7306
2026-08-21T10:30:00+02:00,2026-08-21,Friday,10:30,Disneyland Park,Adventureland,La Cabane des Robinson,OPEN,5,,,2026-08-21T08:25:10.000Z,1,
2026-08-21T10:30:00+02:00,2026-08-21,Friday,10:30,Disneyland Park,Adventureland,Le Passage Enchanté d'Aladdin,OPEN,0,,,2026-08-21T08:25:10.000Z,2703,
2026-08-21T10:30:00+02:00,2026-08-21,Friday,10:30,Disneyland Park,Adventureland,Pirate Galleon,CLOSED,0,,,2026-08-21T08:25:10.000Z,2705,
2026-08-21T10:30:00+02:00,2026-08-21,Friday,10:30,Disneyland Park,Adventureland,Pirates of the Caribbean,OPEN,15,,,2026-08-21T08:25:10.000Z,3,
2026-08-21T10:30:00+02:00,2026-08-21,Friday,10:30,Disneyland Park,Adventureland,Pirates' Beach,OPEN,0,,,2026-08-21T08:25:10.000Z,2704,
2026-08-21T10:30:00+02:00,2026-08-21,Friday,10:30,Disneyland Park,Discoveryland,"Autopia, presented by Avis",OPEN,30,,,2026-08-21T08:25:10.000Z,4,
2026-08-21T10:30:00+02:00,2026-08-21,Friday,10:30,Disneyland Park,Discoveryland,Buzz Lightyear Laser Blast,OPEN,45,,,2026-08-21T08:25:10.000Z,5,
2026-08-21T10:30:00+02:00,2026-08-21,Friday,10:30,Disneyland Park,Discoveryland,Disneyland Railroad Discoveryland Station,CLOSED,0,,,2026-08-21T08:25:10.000Z,2706,
2026-08-21T10:30:00+02:00,2026-08-21,Friday,10:30,Disneyland Park,Discoveryland,Les Mystères du Nautilus,OPEN,5,,,2026-08-21T08:25:10.000Z,6,
2026-08-21T10:30:00+02:00,2026-08-21,Friday,10:30,Disneyland Park,Discoveryland,Mickey’s PhilharMagic,CLOSED,0,,,2026-08-21T08:25:10.000Z,2707,
2026-08-21T10:30:00+02:00,2026-08-21,Friday,10:30,Disneyland Park,Discoveryland,Orbitron®,OPEN,40,,,2026-08-21T08:25:10.000Z,7,
2026-08-21T10:30:00+02:00,2026-08-21,Friday,10:30,Disneyland Park,Discoveryland,Star Tours: The Adventures Continue*,OPEN,5,,,2026-08-21T08:25:10.000Z,9,
2026-08-21T10:30:00+02:00,2026-08-21,Friday,10:30,Disneyland Park,Discoveryland,Star Wars Hyperspace Mountain,OPEN,20,10,OPEN,2026-08-21T08:25:10.000Z,8,7278
2026-08-21T10:30:00+02:00,2026-08-21,Friday,10:30,Disneyland Park,Discoveryland,Welcome to Starport: A Star Wars Encounter,OPEN,20,,,2026-08-21T08:25:10.000Z,4573,
2026-08-21T10:30:00+02:00,2026-08-21,Friday,10:30,Disneyland Park,Fantasyland,"""it's a small world""",OPEN,5,,,2026-08-21T08:25:10.000Z,19,
2026-08-21T10:30:00+02:00,2026-08-21,Friday,10:30,Disneyland Park,Fantasyland,Alice's Curious Labyrinth,OPEN,5,,,2026-08-21T08:25:10.000Z,14,
2026-08-21T10:30:00+02:00,2026-08-21,Friday,10:30,Disneyland Park,Fantasyland,Blanche-Neige et les Sept Nains®,OPEN,5,,,2026-08-21T08:25:10.000Z,15,
2026-08-21T10:30:00+02:00,2026-08-21,Friday,10:30,Disneyland Park,Fantasyland,Casey Jr. – le Petit Train du Cirque,OPEN,5,,,2026-08-21T08:25:10.000Z,17,
2026-08-21T10:30:00+02:00,2026-08-21,Friday,10:30,Disneyland Park,Fantasyland,Disneyland Railroad Fantasyland Station,CLOSED,0,,,2026-08-21T08:25:10.000Z,2711,
2026-08-21T10:30:00+02:00,2026-08-21,Friday,10:30,Disneyland Park,Fantasyland,Disneyland Railroad Main Street Station,CLOSED,0,,,2026-08-21T08:25:10.000Z,11,
2026-08-21T10:30:00+02:00,2026-08-21,Friday,10:30,Disneyland Park,Fantasyland,Dumbo the Flying Elephant,CLOSED,0,,,2026-08-21T08:25:10.000Z,18,
2026-08-21T10:30:00+02:00,2026-08-21,Friday,10:30,Disneyland Park,Fantasyland,La Tanière du Dragon,OPEN,0,,,2026-08-21T08:25:10.000Z,2710,
2026-08-21T10:30:00+02:00,2026-08-21,Friday,10:30,Disneyland Park,Fantasyland,Le Carrousel de Lancelot,OPEN,10,,,2026-08-21T08:25:10.000Z,16,
2026-08-21T10:30:00+02:00,2026-08-21,Friday,10:30,Disneyland Park,Fantasyland,"Le Pays des Contes de Fées, presented by Vittel",OPEN,5,,,2026-08-21T08:25:10.000Z,21,
2026-08-21T10:30:00+02:00,2026-08-21,Friday,10:30,Disneyland Park,Fantasyland,Les Voyages de Pinocchio,OPEN,10,,,2026-08-21T08:25:10.000Z,23,
2026-08-21T10:30:00+02:00,2026-08-21,Friday,10:30,Disneyland Park,Fantasyland,Mad Hatter's Tea Cups,OPEN,5,,,2026-08-21T08:25:10.000Z,20,
2026-08-21T10:30:00+02:00,2026-08-21,Friday,10:30,Disneyland Park,Fantasyland,Meet Mickey Mouse,OPEN,0,,,2026-08-21T08:25:10.000Z,13,
2026-08-21T10:30:00+02:00,2026-08-21,Friday,10:30,Disneyland Park,Fantasyland,Peter Pan's Flight,OPEN,55,,,2026-08-21T08:25:10.000Z,22,
2026-08-21T10:30:00+02:00,2026-08-21,Friday,10:30,Disneyland Park,Fantasyland,Princess Pavilion,OPEN,0,,,2026-08-21T08:25:10.000Z,24,
2026-08-21T10:30:00+02:00,2026-08-21,Friday,10:30,Disneyland Park,Frontierland,Big Thunder Mountain,OPEN,50,,,2026-08-21T08:25:10.000Z,25,
2026-08-21T10:30:00+02:00,2026-08-21,Friday,10:30,Disneyland Park,Frontierland,Disneyland Railroad Frontierland Depot,CLOSED,0,,,2026-08-21T08:25:10.000Z,2714,
2026-08-21T10:30:00+02:00,2026-08-21,Friday,10:30,Disneyland Park,Frontierland,Frontierland Playground,OPEN,0,,,2026-08-21T08:25:10.000Z,2713,
2026-08-21T10:30:00+02:00,2026-08-21,Friday,10:30,Disneyland Park,Frontierland,Phantom Manor,OPEN,5,,,2026-08-21T08:25:10.000Z,26,
2026-08-21T10:30:00+02:00,2026-08-21,Friday,10:30,Disneyland Park,Frontierland,River Rogue Keelboats,CLOSED,0,,,2026-08-21T08:25:10.000Z,27,
2026-08-21T10:30:00+02:00,2026-08-21,Friday,10:30,Disneyland Park,Frontierland,Rustler Roundup Shootin' Gallery,OPEN,0,,,2026-08-21T08:25:10.000Z,2712,
2026-08-21T10:30:00+02:00,2026-08-21,Friday,10:30,Disneyland Park,Frontierland,Thunder Mesa Riverboat Landing,OPEN,0,,,2026-08-21T08:25:10.000Z,28,
2026-08-21T10:30:00+02:00,2026-08-21,Friday,10:30,Disneyland Park,Main Street U.S.A,Disneyland Railroad Main Street Station,CLOSED,0,,,2026-08-21T08:25:10.000Z,2708,
2026-08-21T10:30:00+02:00,2026-08-21,Friday,10:30,Disneyland Park,Main Street U.S.A,Main Street Vehicles,OPEN,5,,,2026-08-21T08:25:10.000Z,12,
2026-08-21T10:30:00+02:00,2026-08-21,Friday,10:30,Disney Adventure World,Marvel Avengers Campus,Avengers Assemble: Flight Force,OPEN,20,10,OPEN,2026-08-21T08:25:10.000Z,10848,10849
2026-08-21T10:30:00+02:00,2026-08-21,Friday,10:30,Disney Adventure World,Marvel Avengers Campus,Spider-Man W.E.B. Adventure,OPEN,50,25,OPEN,2026-08-21T08:25:10.000Z,10845,10846
2026-08-21T10:30:00+02:00,2026-08-21,Friday,10:30,Disney Adventure World,Production Courtyard,The Twilight Zone Tower of Terror,OPEN,60,,,2026-08-21T08:25:10.000Z,40,
2026-08-21T10:30:00+02:00,2026-08-21,Friday,10:30,Disney Adventure World,Toon Studio,Cars Quatre Roues Rallye,OPEN,15,,,2026-08-21T08:25:10.000Z,31,
2026-08-21T10:30:00+02:00,2026-08-21,Friday,10:30,Disney Adventure World,Toon Studio,Cars ROAD TRIP,OPEN,15,,,2026-08-21T08:25:10.000Z,29,
2026-08-21T10:30:00+02:00,2026-08-21,Friday,10:30,Disney Adventure World,Toon Studio,Crush's Coaster,OPEN,105,50,OPEN,2026-08-21T08:25:10.000Z,32,7277
2026-08-21T10:30:00+02:00,2026-08-21,Friday,10:30,Disney Adventure World,Toon Studio,Les Tapis Volants - Flying Carpets Over Agrabah®,OPEN,5,,,2026-08-21T08:25:10.000Z,33,
2026-08-21T10:30:00+02:00,2026-08-21,Friday,10:30,Disney Adventure World,Toon Studio,Ratatouille : L’Aventure Totalement Toquée de Rémy​,OPEN,35,5,OPEN,2026-08-21T08:25:10.000Z,37,7279
2026-08-21T10:30:00+02:00,2026-08-21,Friday,10:30,Disney Adventure World,Toon Studio,RC Racer,OPEN,40,30,OPEN,2026-08-21T08:25:10.000Z,34,7280
2026-08-21T10:30:00+02:00,2026-08-21,Friday,10:30,Disney Adventure World,Toon Studio,Slinky® Dog Zigzag Spin,OPEN,20,,,2026-08-21T08:25:10.000Z,36,
2026-08-21T10:30:00+02:00,2026-08-21,Friday,10:30,Disney Adventure World,Toon Studio,Toy Soldiers Parachute Drop,OPEN,55,20,OPEN,2026-08-21T08:25:10.000Z,35,7281
2026-08-21T10:30:00+02:00,2026-08-21,Friday,10:30,Disney Adventure World,World of Frozen,Entry to World of Frozen,OPEN,0,,,2026-08-21T08:25:10.000Z,16247,
2026-08-21T10:30:00+02:00,2026-08-21,Friday,10:30,Disney Adventure World,World of Frozen,Frozen Ever After,OPEN,70,,,2026-08-21T08:25:10.000Z,15413,
2026-08-21T10:30:00+02:00,2026-08-21,Friday,10:30,Disney Adventure World,World of Frozen,Raiponce Tangled Spin,OPEN,10,,,2026-08-21T08:25:10.000Z,15415,
2026-08-21T10:45:00+02:00,2026-08-21,Friday,10:45,Disneyland Park,Adventureland,Adventure Isle,OPEN,0,,,2026-08-21T08:40:04.000Z,2702,
2026-08-21T10:45:00+02:00,2026-08-21,Friday,10:45,Disneyland Park,Adventureland,Indiana Jones™ and the Temple of Peril,OPEN,15,5,OPEN,2026-08-21T08:40:04.000Z,2,7306
2026-08-21T10:45:00+02:00,2026-08-21,Friday,10:45,Disneyland Park,Adventureland,La Cabane des Robinson,OPEN,5,,,2026-08-21T08:40:04.000Z,1,
2026-08-21T10:45:00+02:00,2026-08-21,Friday,10:45,Disneyland Park,Adventureland,Le Passage Enchanté d'Aladdin,OPEN,0,,,2026-08-21T08:40:04.000Z,2703,
2026-08-21T10:45:00+02:00,2026-08-21,Friday,10:45,Disneyland Park,Adventureland,Pirate Galleon,CLOSED,0,,,2026-08-21T08:40:04.000Z,2705,
2026-08-21T10:45:00+02:00,2026-08-21,Friday,10:45,Disneyland Park,Adventureland,Pirates of the Caribbean,OPEN,25,,,2026-08-21T08:40:04.000Z,3,
2026-08-21T10:45:00+02:00,2026-08-21,Friday,10:45,Disneyland Park,Adventureland,Pirates' Beach,OPEN,0,,,2026-08-21T08:40:04.000Z,2704,
2026-08-21T10:45:00+02:00,2026-08-21,Friday,10:45,Disneyland Park,Discoveryland,"Autopia, presented by Avis",OPEN,25,,,2026-08-21T08:40:04.000Z,4,
2026-08-21T10:45:00+02:00,2026-08-21,Friday,10:45,Disneyland Park,Discoveryland,Buzz Lightyear Laser Blast,OPEN,45,,,2026-08-21T08:40:04.000Z,5,
2026-08-21T10:45:00+02:00,2026-08-21,Friday,10:45,Disneyland Park,Discoveryland,Disneyland Railroad Discoveryland Station,CLOSED,0,,,2026-08-21T08:40:04.000Z,2706,
2026-08-21T10:45:00+02:00,2026-08-21,Friday,10:45,Disneyland Park,Discoveryland,Les Mystères du Nautilus,OPEN,5,,,2026-08-21T08:40:04.000Z,6,
2026-08-21T10:45:00+02:00,2026-08-21,Friday,10:45,Disneyland Park,Discoveryland,Mickey’s PhilharMagic,CLOSED,0,,,2026-08-21T08:40:04.000Z,2707,
2026-08-21T10:45:00+02:00,2026-08-21,Friday,10:45,Disneyland Park,Discoveryland,Orbitron®,OPEN,50,,,2026-08-21T08:40:04.000Z,7,
2026-08-21T10:45:00+02:00,2026-08-21,Friday,10:45,Disneyland Park,Discoveryland,Star Tours: The Adventures Continue*,OPEN,5,,,2026-08-21T08:40:04.000Z,9,
2026-08-21T10:45:00+02:00,2026-08-21,Friday,10:45,Disneyland Park,Discoveryland,Star Wars Hyperspace Mountain,OPEN,20,10,OPEN,2026-08-21T08:40:04.000Z,8,7278
2026-08-21T10:45:00+02:00,2026-08-21,Friday,10:45,Disneyland Park,Discoveryland,Welcome to Starport: A Star Wars Encounter,OPEN,45,,,2026-08-21T08:40:04.000Z,4573,
2026-08-21T10:45:00+02:00,2026-08-21,Friday,10:45,Disneyland Park,Fantasyland,"""it's a small world""",OPEN,5,,,2026-08-21T08:40:04.000Z,19,
2026-08-21T10:45:00+02:00,2026-08-21,Friday,10:45,Disneyland Park,Fantasyland,Alice's Curious Labyrinth,OPEN,5,,,2026-08-21T08:40:04.000Z,14,
2026-08-21T10:45:00+02:00,2026-08-21,Friday,10:45,Disneyland Park,Fantasyland,Blanche-Neige et les Sept Nains®,OPEN,10,,,2026-08-21T08:40:04.000Z,15,
2026-08-21T10:45:00+02:00,2026-08-21,Friday,10:45,Disneyland Park,Fantasyland,Casey Jr. – le Petit Train du Cirque,OPEN,5,,,2026-08-21T08:40:04.000Z,17,
2026-08-21T10:45:00+02:00,2026-08-21,Friday,10:45,Disneyland Park,Fantasyland,Disneyland Railroad Fantasyland Station,CLOSED,0,,,2026-08-21T08:40:04.000Z,2711,
2026-08-21T10:45:00+02:00,2026-08-21,Friday,10:45,Disneyland Park,Fantasyland,Disneyland Railroad Main Street Station,CLOSED,0,,,2026-08-21T08:40:04.000Z,11,
2026-08-21T10:45:00+02:00,2026-08-21,Friday,10:45,Disneyland Park,Fantasyland,Dumbo the Flying Elephant,CLOSED,0,,,2026-08-21T08:40:04.000Z,18,
2026-08-21T10:45:00+02:00,2026-08-21,Friday,10:45,Disneyland Park,Fantasyland,La Tanière du Dragon,OPEN,0,,,2026-08-21T08:40:04.000Z,2710,
2026-08-21T10:45:00+02:00,2026-08-21,Friday,10:45,Disneyland Park,Fantasyland,Le Carrousel de Lancelot,OPEN,10,,,2026-08-21T08:40:04.000Z,16,
2026-08-21T10:45:00+02:00,2026-08-21,Friday,10:45,Disneyland Park,Fantasyland,"Le Pays des Contes de Fées, presented by Vittel",OPEN,5,,,2026-08-21T08:40:04.000Z,21,
2026-08-21T10:45:00+02:00,2026-08-21,Friday,10:45,Disneyland Park,Fantasyland,Les Voyages de Pinocchio,OPEN,15,,,2026-08-21T08:40:04.000Z,23,
2026-08-21T10:45:00+02:00,2026-08-21,Friday,10:45,Disneyland Park,Fantasyland,Mad Hatter's Tea Cups,OPEN,5,,,2026-08-21T08:40:04.000Z,20,
2026-08-21T10:45:00+02:00,2026-08-21,Friday,10:45,Disneyland Park,Fantasyland,Meet Mickey Mouse,OPEN,0,,,2026-08-21T08:40:04.000Z,13,
2026-08-21T10:45:00+02:00,2026-08-21,Friday,10:45,Disneyland Park,Fantasyland,Peter Pan's Flight,OPEN,55,,,2026-08-21T08:40:04.000Z,22,
2026-08-21T10:45:00+02:00,2026-08-21,Friday,10:45,Disneyland Park,Fantasyland,Princess Pavilion,OPEN,0,,,2026-08-21T08:40:04.000Z,24,
2026-08-21T10:45:00+02:00,2026-08-21,Friday,10:45,Disneyland Park,Frontierland,Big Thunder Mountain,OPEN,40,,,2026-08-21T08:40:04.000Z,25,
2026-08-21T10:45:00+02:00,2026-08-21,Friday,10:45,Disneyland Park,Frontierland,Disneyland Railroad Frontierland Depot,CLOSED,0,,,2026-08-21T08:40:04.000Z,2714,
2026-08-21T10:45:00+02:00,2026-08-21,Friday,10:45,Disneyland Park,Frontierland,Frontierland Playground,OPEN,0,,,2026-08-21T08:40:04.000Z,2713,
2026-08-21T10:45:00+02:00,2026-08-21,Friday,10:45,Disneyland Park,Frontierland,Phantom Manor,OPEN,5,,,2026-08-21T08:40:04.000Z,26,
2026-08-21T10:45:00+02:00,2026-08-21,Friday,10:45,Disneyland Park,Frontierland,River Rogue Keelboats,CLOSED,0,,,2026-08-21T08:40:04.000Z,27,
2026-08-21T10:45:00+02:00,2026-08-21,Friday,10:45,Disneyland Park,Frontierland,Rustler Roundup Shootin' Gallery,OPEN,0,,,2026-08-21T08:40:04.000Z,2712,
2026-08-21T10:45:00+02:00,2026-08-21,Friday,10:45,Disneyland Park,Frontierland,Thunder Mesa Riverboat Landing,OPEN,0,,,2026-08-21T08:40:04.000Z,28,
2026-08-21T10:45:00+02:00,2026-08-21,Friday,10:45,Disneyland Park,Main Street U.S.A,Disneyland Railroad Main Street Station,CLOSED,0,,,2026-08-21T08:40:04.000Z,2708,
2026-08-21T10:45:00+02:00,2026-08-21,Friday,10:45,Disneyland Park,Main Street U.S.A,Main Street Vehicles,CLOSED,0,,,2026-08-21T08:40:04.000Z,12,
2026-08-21T10:45:00+02:00,2026-08-21,Friday,10:45,Disney Adventure World,Marvel Avengers Campus,Avengers Assemble: Flight Force,OPEN,25,15,OPEN,2026-08-21T08:40:04.000Z,10848,10849
2026-08-21T10:45:00+02:00,2026-08-21,Friday,10:45,Disney Adventure World,Marvel Avengers Campus,Spider-Man W.E.B. Adventure,OPEN,50,30,OPEN,2026-08-21T08:40:04.000Z,10845,10846
2026-08-21T10:45:00+02:00,2026-08-21,Friday,10:45,Disney Adventure World,Production Courtyard,The Twilight Zone Tower of Terror,OPEN,45,,,2026-08-21T08:40:04.000Z,40,
2026-08-21T10:45:00+02:00,2026-08-21,Friday,10:45,Disney Adventure World,Toon Studio,Cars Quatre Roues Rallye,OPEN,15,,,2026-08-21T08:40:04.000Z,31,
2026-08-21T10:45:00+02:00,2026-08-21,Friday,10:45,Disney Adventure World,Toon Studio,Cars ROAD TRIP,OPEN,25,,,2026-08-21T08:40:04.000Z,29,
2026-08-21T10:45:00+02:00,2026-08-21,Friday,10:45,Disney Adventure World,Toon Studio,Crush's Coaster,OPEN,95,45,OPEN,2026-08-21T08:40:04.000Z,32,7277
2026-08-21T10:45:00+02:00,2026-08-21,Friday,10:45,Disney Adventure World,Toon Studio,Les Tapis Volants - Flying Carpets Over Agrabah®,OPEN,15,,,2026-08-21T08:40:04.000Z,33,
2026-08-21T10:45:00+02:00,2026-08-21,Friday,10:45,Disney Adventure World,Toon Studio,Ratatouille : L’Aventure Totalement Toquée de Rémy​,OPEN,65,15,OPEN,2026-08-21T08:40:04.000Z,37,7279
2026-08-21T10:45:00+02:00,2026-08-21,Friday,10:45,Disney Adventure World,Toon Studio,RC Racer,OPEN,40,30,OPEN,2026-08-21T08:40:04.000Z,34,7280
2026-08-21T10:45:00+02:00,2026-08-21,Friday,10:45,Disney Adventure World,Toon Studio,Slinky® Dog Zigzag Spin,OPEN,20,,,2026-08-21T08:40:04.000Z,36,
2026-08-21T10:45:00+02:00,2026-08-21,Friday,10:45,Disney Adventure World,Toon Studio,Toy Soldiers Parachute Drop,OPEN,55,25,OPEN,2026-08-21T08:40:04.000Z,35,7281
2026-08-21T10:45:00+02:00,2026-08-21,Friday,10:45,Disney Adventure World,World of Frozen,Entry to World of Frozen,OPEN,0,,,2026-08-21T08:40:04.000Z,16247,
2026-08-21T10:45:00+02:00,2026-08-21,Friday,10:45,Disney Adventure World,World of Frozen,Frozen Ever After,OPEN,85,,,2026-08-21T08:40:04.000Z,15413,
2026-08-21T10:45:00+02:00,2026-08-21,Friday,10:45,Disney Adventure World,World of Frozen,Raiponce Tangled Spin,OPEN,20,,,2026-08-21T08:40:04.000Z,15415,
2026-08-21T11:00:00+02:00,2026-08-21,Friday,11:00,Disneyland Park,Adventureland,Adventure Isle,OPEN,0,,,2026-08-21T08:55:04.000Z,2702,
2026-08-21T11:00:00+02:00,2026-08-21,Friday,11:00,Disneyland Park,Adventureland,Indiana Jones™ and the Temple of Peril,OPEN,15,5,OPEN,2026-08-21T08:55:04.000Z,2,7306
2026-08-21T11:00:00+02:00,2026-08-21,Friday,11:00,Disneyland Park,Adventureland,La Cabane des Robinson,OPEN,5,,,2026-08-21T08:55:04.000Z,1,
2026-08-21T11:00:00+02:00,2026-08-21,Friday,11:00,Disneyland Park,Adventureland,Le Passage Enchanté d'Aladdin,OPEN,0,,,2026-08-21T08:55:04.000Z,2703,
2026-08-21T11:00:00+02:00,2026-08-21,Friday,11:00,Disneyland Park,Adventureland,Pirate Galleon,CLOSED,0,,,2026-08-21T08:55:04.000Z,2705,
2026-08-21T11:00:00+02:00,2026-08-21,Friday,11:00,Disneyland Park,Adventureland,Pirates of the Caribbean,OPEN,15,,,2026-08-21T08:55:04.000Z,3,
2026-08-21T11:00:00+02:00,2026-08-21,Friday,11:00,Disneyland Park,Adventureland,Pirates' Beach,OPEN,0,,,2026-08-21T08:55:04.000Z,2704,
2026-08-21T11:00:00+02:00,2026-08-21,Friday,11:00,Disneyland Park,Discoveryland,"Autopia, presented by Avis",OPEN,50,,,2026-08-21T08:55:04.000Z,4,
2026-08-21T11:00:00+02:00,2026-08-21,Friday,11:00,Disneyland Park,Discoveryland,Buzz Lightyear Laser Blast,OPEN,40,,,2026-08-21T08:55:04.000Z,5,
2026-08-21T11:00:00+02:00,2026-08-21,Friday,11:00,Disneyland Park,Discoveryland,Disneyland Railroad Discoveryland Station,CLOSED,0,,,2026-08-21T08:55:04.000Z,2706,
2026-08-21T11:00:00+02:00,2026-08-21,Friday,11:00,Disneyland Park,Discoveryland,Les Mystères du Nautilus,OPEN,5,,,2026-08-21T08:55:04.000Z,6,
2026-08-21T11:00:00+02:00,2026-08-21,Friday,11:00,Disneyland Park,Discoveryland,Mickey’s PhilharMagic,CLOSED,0,,,2026-08-21T08:55:04.000Z,2707,
2026-08-21T11:00:00+02:00,2026-08-21,Friday,11:00,Disneyland Park,Discoveryland,Orbitron®,OPEN,60,,,2026-08-21T08:55:04.000Z,7,
2026-08-21T11:00:00+02:00,2026-08-21,Friday,11:00,Disneyland Park,Discoveryland,Star Tours: The Adventures Continue*,OPEN,10,,,2026-08-21T08:55:04.000Z,9,
2026-08-21T11:00:00+02:00,2026-08-21,Friday,11:00,Disneyland Park,Discoveryland,Star Wars Hyperspace Mountain,OPEN,20,15,OPEN,2026-08-21T08:55:04.000Z,8,7278
2026-08-21T11:00:00+02:00,2026-08-21,Friday,11:00,Disneyland Park,Discoveryland,Welcome to Starport: A Star Wars Encounter,OPEN,45,,,2026-08-21T08:55:04.000Z,4573,
2026-08-21T11:00:00+02:00,2026-08-21,Friday,11:00,Disneyland Park,Fantasyland,"""it's a small world""",OPEN,5,,,2026-08-21T08:55:04.000Z,19,
2026-08-21T11:00:00+02:00,2026-08-21,Friday,11:00,Disneyland Park,Fantasyland,Alice's Curious Labyrinth,OPEN,5,,,2026-08-21T08:55:04.000Z,14,
2026-08-21T11:00:00+02:00,2026-08-21,Friday,11:00,Disneyland Park,Fantasyland,Blanche-Neige et les Sept Nains®,OPEN,15,,,2026-08-21T08:55:04.000Z,15,
2026-08-21T11:00:00+02:00,2026-08-21,Friday,11:00,Disneyland Park,Fantasyland,Casey Jr. – le Petit Train du Cirque,OPEN,10,,,2026-08-21T08:55:04.000Z,17,
2026-08-21T11:00:00+02:00,2026-08-21,Friday,11:00,Disneyland Park,Fantasyland,Disneyland Railroad Fantasyland Station,CLOSED,0,,,2026-08-21T08:55:04.000Z,2711,
2026-08-21T11:00:00+02:00,2026-08-21,Friday,11:00,Disneyland Park,Fantasyland,Disneyland Railroad Main Street Station,CLOSED,0,,,2026-08-21T08:55:04.000Z,11,
2026-08-21T11:00:00+02:00,2026-08-21,Friday,11:00,Disneyland Park,Fantasyland,Dumbo the Flying Elephant,CLOSED,0,,,2026-08-21T08:55:04.000Z,18,
2026-08-21T11:00:00+02:00,2026-08-21,Friday,11:00,Disneyland Park,Fantasyland,La Tanière du Dragon,OPEN,0,,,2026-08-21T08:55:04.000Z,2710,
2026-08-21T11:00:00+02:00,2026-08-21,Friday,11:00,Disneyland Park,Fantasyland,Le Carrousel de Lancelot,OPEN,10,,,2026-08-21T08:55:04.000Z,16,
2026-08-21T11:00:00+02:00,2026-08-21,Friday,11:00,Disneyland Park,Fantasyland,"Le Pays des Contes de Fées, presented by Vittel",OPEN,5,,,2026-08-21T08:55:04.000Z,21,
2026-08-21T11:00:00+02:00,2026-08-21,Friday,11:00,Disneyland Park,Fantasyland,Les Voyages de Pinocchio,OPEN,25,,,2026-08-21T08:55:04.000Z,23,
2026-08-21T11:00:00+02:00,2026-08-21,Friday,11:00,Disneyland Park,Fantasyland,Mad Hatter's Tea Cups,OPEN,5,,,2026-08-21T08:55:04.000Z,20,
2026-08-21T11:00:00+02:00,2026-08-21,Friday,11:00,Disneyland Park,Fantasyland,Meet Mickey Mouse,OPEN,0,,,2026-08-21T08:55:04.000Z,13,
2026-08-21T11:00:00+02:00,2026-08-21,Friday,11:00,Disneyland Park,Fantasyland,Peter Pan's Flight,OPEN,55,,,2026-08-21T08:55:04.000Z,22,
2026-08-21T11:00:00+02:00,2026-08-21,Friday,11:00,Disneyland Park,Fantasyland,Princess Pavilion,OPEN,0,,,2026-08-21T08:55:04.000Z,24,
2026-08-21T11:00:00+02:00,2026-08-21,Friday,11:00,Disneyland Park,Frontierland,Big Thunder Mountain,OPEN,70,,,2026-08-21T08:55:04.000Z,25,
2026-08-21T11:00:00+02:00,2026-08-21,Friday,11:00,Disneyland Park,Frontierland,Disneyland Railroad Frontierland Depot,CLOSED,0,,,2026-08-21T08:55:04.000Z,2714,
2026-08-21T11:00:00+02:00,2026-08-21,Friday,11:00,Disneyland Park,Frontierland,Frontierland Playground,OPEN,0,,,2026-08-21T08:55:04.000Z,2713,
2026-08-21T11:00:00+02:00,2026-08-21,Friday,11:00,Disneyland Park,Frontierland,Phantom Manor,OPEN,5,,,2026-08-21T08:55:04.000Z,26,
2026-08-21T11:00:00+02:00,2026-08-21,Friday,11:00,Disneyland Park,Frontierland,River Rogue Keelboats,CLOSED,0,,,2026-08-21T08:55:04.000Z,27,
2026-08-21T11:00:00+02:00,2026-08-21,Friday,11:00,Disneyland Park,Frontierland,Rustler Roundup Shootin' Gallery,OPEN,0,,,2026-08-21T08:55:04.000Z,2712,
2026-08-21T11:00:00+02:00,2026-08-21,Friday,11:00,Disneyland Park,Frontierland,Thunder Mesa Riverboat Landing,OPEN,20,,,2026-08-21T08:55:04.000Z,28,
2026-08-21T11:00:00+02:00,2026-08-21,Friday,11:00,Disneyland Park,Main Street U.S.A,Disneyland Railroad Main Street Station,CLOSED,0,,,2026-08-21T08:55:04.000Z,2708,
2026-08-21T11:00:00+02:00,2026-08-21,Friday,11:00,Disneyland Park,Main Street U.S.A,Main Street Vehicles,CLOSED,0,,,2026-08-21T08:55:04.000Z,12,
2026-08-21T11:00:00+02:00,2026-08-21,Friday,11:00,Disney Adventure World,Marvel Avengers Campus,Avengers Assemble: Flight Force,OPEN,20,15,OPEN,2026-08-21T08:55:04.000Z,10848,10849
2026-08-21T11:00:00+02:00,2026-08-21,Friday,11:00,Disney Adventure World,Marvel Avengers Campus,Spider-Man W.E.B. Adventure,OPEN,50,25,OPEN,2026-08-21T08:55:04.000Z,10845,10846
2026-08-21T11:00:00+02:00,2026-08-21,Friday,11:00,Disney Adventure World,Production Courtyard,The Twilight Zone Tower of Terror,OPEN,45,,,2026-08-21T08:55:04.000Z,40,
2026-08-21T11:00:00+02:00,2026-08-21,Friday,11:00,Disney Adventure World,Toon Studio,Cars Quatre Roues Rallye,OPEN,25,,,2026-08-21T08:55:04.000Z,31,
2026-08-21T11:00:00+02:00,2026-08-21,Friday,11:00,Disney Adventure World,Toon Studio,Cars ROAD TRIP,OPEN,15,,,2026-08-21T08:55:04.000Z,29,
2026-08-21T11:00:00+02:00,2026-08-21,Friday,11:00,Disney Adventure World,Toon Studio,Crush's Coaster,OPEN,105,55,OPEN,2026-08-21T08:55:04.000Z,32,7277
2026-08-21T11:00:00+02:00,2026-08-21,Friday,11:00,Disney Adventure World,Toon Studio,Les Tapis Volants - Flying Carpets Over Agrabah®,OPEN,35,,,2026-08-21T08:55:04.000Z,33,
2026-08-21T11:00:00+02:00,2026-08-21,Friday,11:00,Disney Adventure World,Toon Studio,Ratatouille : L’Aventure Totalement Toquée de Rémy​,OPEN,75,20,OPEN,2026-08-21T08:55:04.000Z,37,7279
2026-08-21T11:00:00+02:00,2026-08-21,Friday,11:00,Disney Adventure World,Toon Studio,RC Racer,OPEN,50,45,OPEN,2026-08-21T08:55:04.000Z,34,7280
2026-08-21T11:00:00+02:00,2026-08-21,Friday,11:00,Disney Adventure World,Toon Studio,Slinky® Dog Zigzag Spin,OPEN,25,,,2026-08-21T08:55:04.000Z,36,
2026-08-21T11:00:00+02:00,2026-08-21,Friday,11:00,Disney Adventure World,Toon Studio,Toy Soldiers Parachute Drop,OPEN,60,20,OPEN,2026-08-21T08:55:04.000Z,35,7281
2026-08-21T11:00:00+02:00,2026-08-21,Friday,11:00,Disney Adventure World,World of Frozen,Entry to World of Frozen,OPEN,0,,,2026-08-21T08:55:04.000Z,16247,
2026-08-21T11:00:00+02:00,2026-08-21,Friday,11:00,Disney Adventure World,World of Frozen,Frozen Ever After,OPEN,85,,,2026-08-21T08:55:04.000Z,15413,
2026-08-21T11:00:00+02:00,2026-08-21,Friday,11:00,Disney Adventure World,World of Frozen,Raiponce Tangled Spin,OPEN,20,,,2026-08-21T08:55:04.000Z,15415,
